FILE	PA0004.fasta	PA0009.fasta	PA0023.fasta	PA0059.fasta	PA0128.fasta	PA0129.fasta	PA0139.fasta	PA0266.fasta	PA0303.fasta	PA0316.fasta	PA0342.fasta	PA0353.fasta	PA0363.fasta	PA0376.fasta	PA0382.fasta	PA0500.fasta	PA0546.fasta	PA0552.fasta	PA0560.fasta	PA0576.fasta	PA0580.fasta	PA0586.fasta	PA0588.fasta	PA0607.fasta	PA0649.fasta	PA0652.fasta	PA0654.fasta	PA0665.fasta	PA0761.fasta	PA0767.fasta	PA0771.fasta	PA0773.fasta	PA0783.fasta	PA0869.fasta	PA0887.fasta	PA0902.fasta	PA0903.fasta	PA0905.fasta	PA0932.fasta	PA0945.fasta	PA0956.fasta	PA0963.fasta	PA0964.fasta	PA0967.fasta	PA1004.fasta	PA1013.fasta	PA1033.fasta	PA1070.fasta	PA1071.fasta	PA1073.fasta	PA1112a.fasta	PA1183.fasta	PA1192.fasta	PA1318.fasta	PA1319.fasta	PA1321.fasta	PA1339.fasta	PA1357.fasta	PA1410.fasta	PA1533.fasta	PA1534.fasta	PA1562.fasta	PA1580.fasta	PA1583.fasta	PA1584.fasta	PA1588.fasta	PA1589.fasta	PA1596.fasta	PA1609.fasta	PA1610.fasta	PA1638.fasta	PA1642.fasta	PA1681.fasta	PA1687.fasta	PA1726.fasta	PA1754.fasta	PA1787.fasta	PA1793.fasta	PA1794.fasta	PA1796.fasta	PA1801.fasta	PA1802.fasta	PA1803.fasta	PA1806.fasta	PA1808.fasta	PA1809.fasta	PA1843.fasta	PA1857.fasta	PA1886.fasta	PA2042.fasta	PA2197.fasta	PA2273.fasta	PA2317.fasta	PA2418.fasta	PA2517.fasta	PA2527.fasta	PA2532.fasta	PA2545.fasta	PA2580.fasta	PA2612.fasta	PA2619.fasta	PA2620.fasta	PA2623.fasta	PA2626.fasta	PA2629.fasta	PA2638.fasta	PA2639.fasta	PA2640.fasta	PA2641.fasta	PA2642.fasta	PA2643.fasta	PA2644.fasta	PA2645.fasta	PA2646.fasta	PA2648.fasta	PA2649.fasta	PA2666.fasta	PA2695.fasta	PA2698.fasta	PA2699.fasta	PA2709.fasta	PA2717.fasta	PA2740.fasta	PA2744.fasta	PA2776.fasta	PA2809.fasta	PA2811.fasta	PA2812.fasta	PA2826.fasta	PA2828.fasta	PA2965.fasta	PA2966.fasta	PA2967.fasta	PA2970.fasta	PA2991.fasta	PA2995.fasta	PA3007.fasta	PA3011.fasta	PA3013.fasta	PA3092.fasta	PA3108.fasta	PA3112.fasta	PA3117.fasta	PA3121.fasta	PA3138.fasta	PA3161.fasta	PA3171.fasta	PA3194.fasta	PA3199.fasta	PA3234.fasta	PA3244.fasta	PA3265.fasta	PA3357.fasta	PA3443.fasta	PA3471.fasta	PA3482.fasta	PA3489.fasta	PA3495.fasta	PA3531.fasta	PA3533.fasta	PA3539.fasta	PA3552.fasta	PA3553.fasta	PA3600.fasta	PA3612.fasta	PA3617.fasta	PA3622.fasta	PA3627.fasta	PA3628.fasta	PA3635.fasta	PA3636.fasta	PA3637.fasta	PA3639.fasta	PA3642.fasta	PA3653.fasta	PA3654.fasta	PA3656.fasta	PA3657.fasta	PA3686.fasta	PA3743.fasta	PA3745.fasta	PA3746.fasta	PA3763.fasta	PA3766.fasta	PA3769.fasta	PA3770.fasta	PA3802.fasta	PA3803.fasta	PA3807.fasta	PA3809.fasta	PA3810.fasta	PA3812.fasta	PA3813.fasta	PA3814.fasta	PA3819.fasta	PA3823.fasta	PA3824.fasta	PA3834.fasta	PA3839.fasta	PA3903.fasta	PA3913.fasta	PA3977.fasta	PA3980.fasta	PA3996.fasta	PA4004.fasta	PA4029.fasta	PA4031.fasta	PA4044.fasta	PA4047.fasta	PA4057.fasta	PA4072.fasta	PA4091.fasta	PA4124.fasta	PA4125.fasta	PA4127.fasta	PA4128.fasta	PA4158.fasta	PA4167.fasta	PA4181.fasta	PA4234.fasta	PA4237.fasta	PA4238.fasta	PA4239.fasta	PA4243.fasta	PA4249.fasta	PA4251.fasta	PA4252.fasta	PA4253.fasta	PA4254.fasta	PA4255.fasta	PA4256.fasta	PA4257.fasta	PA4258.fasta	PA4260.fasta	PA4269.fasta	PA4270.fasta	PA4273.fasta	PA4274.fasta	PA4275.fasta	PA4358.fasta	PA4366.fasta	PA4385.fasta	PA4386.fasta	PA4403.fasta	PA4406.fasta	PA4415.fasta	PA4432.fasta	PA4433.fasta	PA4443.fasta	PA4444.fasta	PA4461.fasta	PA4474.fasta	PA4481.fasta	PA4512.fasta	PA4542.fasta	PA4557.fasta	PA4562.fasta	PA4564.fasta	PA4567.fasta	PA4574.fasta	PA4588.fasta	PA4595.fasta	PA4609.fasta	PA4614.fasta	PA4628.fasta	PA4646.fasta	PA4665.fasta	PA4670.fasta	PA4673.fasta	PA4695.fasta	PA4696.fasta	PA4715.fasta	PA4723.fasta	PA4740.fasta	PA4741.fasta	PA4745.fasta	PA4751.fasta	PA4755.fasta	PA4756.fasta	PA4758.fasta	PA4759.fasta	PA4760.fasta	PA4761.fasta	PA4770.fasta	PA4846.fasta	PA4848.fasta	PA4854.fasta	PA4855.fasta	PA4858.fasta	PA4859.fasta	PA4860.fasta	PA4861.fasta	PA4862.fasta	PA4865.fasta	PA4866.fasta	PA4867.fasta	PA4907.fasta	PA4909.fasta	PA4910.fasta	PA4928.fasta	PA4931.fasta	PA4934.fasta	PA4935.fasta	PA4951.fasta	PA4964.fasta	PA4967.fasta	PA4973.fasta	PA5015.fasta	PA5021.fasta	PA5034.fasta	PA5036.fasta	PA5049.fasta	PA5054.fasta	PA5063.fasta	PA5098.fasta	PA5105.fasta	PA5117.fasta	PA5119.fasta	PA5125.fasta	PA5127.fasta	PA5131.fasta	PA5163.fasta	PA5172.fasta	PA5197.fasta	PA5200.fasta	PA5213.fasta	PA5214.fasta	PA5230.fasta	PA5231.fasta	PA5237.fasta	PA5239.fasta	PA5240.fasta	PA5245.fasta	PA5260.fasta	PA5304.fasta	PA5315.fasta	PA5316.fasta	PA5321.fasta	PA5331.fasta	PA5334.fasta	PA5336.fasta	PA5360.fasta	PA5370.fasta	PA5426.fasta	PA5434.fasta	PA5440.fasta	PA5443.fasta	PA5476.fasta	PA5479.fasta	PA5549.fasta	PA5554.fasta	PA5555.fasta	PA5556.fasta	PA5565.fasta	PA5567.fasta
CP000438.1.fasta	14	9	14	99	3	13	7	12	152	8	10	13	3	10	197	12	10	4	12	11	12	14	14	8	3	1	10	6	12	14	13	13	11	13	12	11	14	3	8	4	12	13	9	11	14	11	9	10	7	11	4	11	14	13	8	9	4	5	12	9	7	14	12	14	9	11	11	12	7	3	12	11	11	10	14	7	14	9	4	11	3	12	13	4	149	3	14	14	507	13	11	8	13	7	3	14	7	10	14	13	2	14	11	9	13	4	4	4	176	14	4	6	4	1	7	13	5	9	11	405	11	4	9	14	13	4	4	10	9	10	12	1	4	3	13	4	3	12	10	14	12	4	13	14	13	8	9	11	7	9	3	4	14	7	14	14	5	9	9	1	11	12	12	1	5	11	10	4	10	13	8	4	12	9	5	8	4	5	1	6	3	12	13	12	14	11	11	13	6	7	14	3	1	12	8	185	12	14	12	14	9	11	10	12	12	8	3	12	9	77	10	12	11	9	8	8	12	13	233	13	3	7	1	5	1	1	1	1	1	1	1	4	1	3	14	14	4	3	114	14	3	13	1	14	4	13	1	1	12	14	10	14	11	10	14	14	341	4	1	8	12	14	12	7	9	9	10	4	8	8	247	12	3	14	1	5	14	8	13	4	14	14	13	14	3	13	11	9	11	13	11	5	13	6	12	3	4	9	10	14	9	1	1	10	9	14	14	11	319	11	14	2	9	7	13	9	13	1	12	10	10	13	8	11	8	14	99	13	14	12	10	6	9	12	14	1	1	8	13	9	3	7	11	1	280	13	14	11	10	14	13	1	14	14	13
CP004054.2.fasta	7	6	7	102	3	7	1	7	170	3	1	7	5	5	221	6	7	7	3	7	7	7	7	3	6	4	7	1	7	7	6	7	7	7	7	6	7	1	1	4	7	7	3	3	7	5	5	7	5	7	1	7	7	7	3	5	6	6	7	4	4	7	6	7	1	7	7	6	6	2	7	7	1	6	7	3	7	6	7	3	5	7	7	3	6	1	7	7	537	7	5	4	6	1	1	7	1	4	7	7	1	7	7	7	7	5	7	1	3	7	6	1	4	1	5	7	4	1	3	431	6	4	7	7	7	1	6	7	6	4	7	1	1	1	7	6	1	6	6	7	6	7	7	7	5	4	3	6	6	1	4	5	7	3	7	7	5	5	1	3	1	7	6	1	1	7	2	7	6	7	4	7	7	3	5	5	3	1	6	5	1	7	7	7	7	4	6	7	1	4	7	3	1	7	5	188	7	7	7	7	6	6	1	5	7	1	3	6	1	77	7	7	6	1	5	4	7	7	239	7	3	5	1	1	1	3	1	3	1	1	1	3	1	3	7	7	3	3	116	7	5	6	1	7	1	7	2	4	6	7	3	7	7	6	7	7	369	6	1	5	6	7	6	3	7	6	7	7	7	5	7	7	3	7	1	6	7	5	7	7	7	7	7	7	4	7	1	4	3	7	6	3	7	1	6	3	5	5	3	7	5	1	1	5	7	7	7	6	325	7	7	2	3	4	7	6	6	7	7	6	3	7	3	6	1	7	101	7	7	7	3	1	5	1	7	3	2	1	7	5	1	1	6	1	302	7	7	6	5	7	7	1	7	7	6
CP004055.1.fasta	7	6	7	102	3	7	1	7	170	3	1	7	5	5	221	6	7	7	3	7	7	7	7	3	6	4	7	1	7	7	6	7	7	7	7	6	7	1	1	4	7	7	3	3	7	5	5	7	5	7	1	7	7	7	3	5	6	6	7	4	4	7	6	7	1	7	7	6	6	2	7	7	1	6	7	0	7	6	7	3	5	7	7	3	6	1	7	7	537	0	5	4	6	1	1	7	1	4	7	7	1	7	7	7	7	5	7	1	3	7	6	1	4	1	5	7	4	1	3	431	6	4	7	7	7	1	6	7	6	4	7	1	1	1	7	6	1	6	6	7	6	7	7	7	5	4	3	6	6	1	4	5	7	3	7	7	5	5	1	3	1	7	6	1	1	7	2	7	6	7	4	7	7	3	5	5	3	1	6	5	1	7	7	7	7	4	6	7	1	4	7	3	1	7	5	188	7	7	7	7	6	6	1	5	7	1	3	6	1	77	7	7	6	1	5	4	7	7	239	7	3	5	1	1	1	3	1	3	1	1	1	3	1	3	7	7	3	3	116	7	5	6	1	7	1	7	2	4	6	7	3	7	7	6	7	7	369	6	1	5	6	7	6	3	7	6	7	7	7	5	7	7	3	7	1	6	7	5	7	7	7	7	7	247	4	7	1	4	3	7	6	3	7	1	6	3	5	5	3	7	5	1	1	5	7	7	7	6	325	7	7	2	3	4	7	6	6	7	7	6	3	7	3	6	1	7	101	7	7	7	3	1	5	1	7	3	2	1	7	5	1	1	6	1	302	7	7	6	5	7	7	1	7	7	6
CP006245.1.fasta	52	22	8	101	3	8	1	36	160	24	3	39	1	28	206	32	28	3	24	39	38	30	11	5	35	3	10	1	38	3	36	41	21	35	28	32	43	3	1	4	1	1	1	1	42	9	1	8	1	10	1	1	5	7	3	5	6	1	10	4	20	44	253	42	16	1	1	42	11	2	16	31	227	25	0	3	13	27	41	10	8	11	48	3	28	5	47	23	518	8	2	1	42	5	1	45	1	4	38	39	1	47	29	6	39	9	16	1	3	13	5	1	2	1	14	6	3	1	5	407	1	29	14	49	33	1	13	6	1	24	3	1	1	1	18	12	4	44	25	40	10	31	39	41	35	1	24	38	27	29	8	9	35	3	39	44	1	19	24	1	1	294	31	1	1	1	26	21	1	1	1	38	206	3	1	5	3	3	4	14	1	1	47	10	48	20	312	9	3	1	43	3	1	34	3	188	33	48	39	40	25	34	230	28	6	1	1	42	1	77	39	43	34	1	1	25	29	21	29	45	5	5	4	1	1	1	1	3	2	1	1	1	1	4	590	47	14	3	116	48	15	3	1	48	1	8	1	1	10	11	12	43	30	19	46	39	350	1	1	3	7	8	36	19	12	17	14	14	10	3	3	1	1	48	1	6	35	1	45	10	30	46	33	41	12	218	35	1	31	23	5	3	10	3	3	3	3	1	1	42	6	1	1	3	52	25	45	37	326	9	49	2	34	1	45	24	10	9	17	3	37	21	4	15	5	47	101	38	59	1	187	1	3	28	5	1	1	22	6	28	1	15	14	1	289	35	42	1	3	45	32	1	25	50	3
CP006937.1.fasta	275	1	3	101	3	3	1	3	169	3	3	3	1	3	204	3	3	3	3	3	3	3	3	3	3	153	3	3	3	3	1	3	3	3	3	3	3	3	3	3	3	3	3	3	3	3	3	3	3	3	3	3	3	3	3	3	3	3	3	3	3	3	3	3	3	3	3	3	3	2	3	3	3	3	3	3	3	3	3	3	2	3	3	3	3	1	3	3	530	3	2	1	3	1	1	3	1	1	3	3	1	3	3	3	3	3	3	1	3	3	3	3	3	1	3	3	1	1	3	423	1	3	3	3	3	1	3	3	1	1	3	1	3	1	3	3	2	1	3	3	3	3	3	3	3	2	3	3	3	1	1	3	3	3	3	3	3	3	2	1	1	3	3	1	1	3	2	3	3	3	1	3	3	3	1	3	3	3	3	1	1	3	3	3	3	1	3	3	3	1	3	3	1	3	3	188	3	3	3	3	3	3	3	3	3	3	3	3	1	77	3	3	1	1	1	1	3	3	236	3	3	3	1	1	1	1	1	3	2	1	1	1	1	1	3	3	3	3	116	3	1	3	1	3	1	3	1	2	3	3	3	3	3	3	3	3	361	3	1	3	3	3	1	3	3	3	3	3	3	3	3	3	1	3	1	1	3	1	3	3	3	3	3	3	1	3	3	1	3	3	1	3	3	3	3	3	3	3	3	3	3	1	1	3	3	3	3	1	321	3	3	2	3	1	3	3	3	3	3	3	3	3	3	3	1	3	101	3	3	3	3	1	3	1	3	2	1	3	3	3	3	1	1	1	297	3	3	3	3	3	3	1	3	3	3
CP006982.1.fasta	275	1	3	101	3	3	1	3	169	3	3	3	1	3	204	3	3	3	3	3	3	3	3	3	3	3	3	3	3	3	1	3	3	3	3	3	3	3	3	3	3	3	3	3	3	3	3	3	3	3	3	3	3	3	3	3	3	3	3	3	3	3	3	3	3	3	3	3	3	2	3	3	3	3	3	3	3	3	3	3	2	3	3	3	3	1	3	3	530	3	2	1	3	1	1	3	1	1	3	3	1	0	3	3	3	3	3	1	3	3	3	3	3	1	3	3	1	1	3	423	1	3	3	3	3	1	3	3	1	1	3	1	3	1	3	3	2	1	3	3	3	3	3	3	3	2	3	3	0	1	1	3	3	3	3	3	3	3	2	1	1	3	3	1	1	3	2	3	3	3	1	3	3	3	1	3	3	3	3	1	1	3	3	3	3	1	3	3	3	1	3	3	1	3	3	188	3	3	3	3	3	3	3	3	3	3	3	3	1	77	3	3	1	1	1	1	3	3	236	3	3	3	1	1	1	1	1	3	2	1	1	1	1	1	3	3	3	3	116	3	1	3	1	3	1	3	1	2	3	3	3	3	3	3	3	3	361	3	1	3	3	3	1	3	3	3	3	3	3	3	3	3	1	3	1	1	3	1	3	3	3	3	3	3	1	3	3	1	3	3	1	3	3	3	3	3	3	3	3	3	3	1	1	3	3	3	3	1	321	3	3	2	3	1	3	3	3	3	3	3	3	3	3	3	1	3	101	283	3	3	3	1	3	1	3	2	1	3	3	3	3	1	1	1	297	3	3	3	3	3	3	1	3	3	3
CP006983.1.fasta	246	1	3	101	3	3	1	3	169	3	3	3	1	3	204	3	3	3	3	3	3	3	3	3	3	3	3	3	3	3	1	3	3	3	3	3	3	27	3	3	3	3	3	3	3	3	3	3	3	3	3	3	3	3	3	3	30	3	3	3	3	3	3	3	3	3	3	3	3	2	3	3	3	3	3	82	3	3	3	3	2	3	3	3	3	1	3	3	530	3	2	1	3	1	1	3	1	1	3	3	1	3	3	3	3	3	3	1	3	3	3	3	3	1	3	3	1	1	3	423	1	3	3	3	3	1	3	3	1	1	3	1	3	1	3	3	2	1	3	3	3	3	3	3	3	2	3	3	3	1	1	3	3	3	3	3	3	3	2	1	1	3	3	1	1	3	2	3	3	3	1	3	3	3	1	3	3	3	3	1	1	3	3	3	3	1	3	3	3	1	3	3	1	3	3	188	3	3	3	3	95	3	3	3	3	3	3	3	1	77	3	3	1	1	1	1	3	3	236	3	3	3	1	1	1	1	1	3	2	1	1	1	1	1	3	3	3	3	116	3	1	3	1	3	1	3	1	2	3	3	3	3	3	3	3	3	361	3	1	3	3	3	1	3	3	3	3	3	3	3	3	3	1	3	1	1	3	1	3	3	3	3	3	3	1	3	3	1	3	3	120	3	3	25	3	3	3	3	3	3	3	1	1	3	3	3	3	1	321	3	3	2	3	1	3	157	3	3	3	3	3	3	3	3	1	3	101	3	3	3	3	1	3	1	3	2	1	3	3	3	3	1	1	1	297	3	3	3	3	3	3	1	3	3	3
FM209186.1.fasta	3	1	3	101	3	3	1	3	169	3	3	3	1	3	204	3	3	3	3	3	3	3	3	3	3	3	3	3	3	3	1	3	3	3	3	3	3	3	3	3	3	3	3	3	3	3	3	3	3	3	3	3	3	3	3	3	3	3	3	3	3	3	3	3	3	3	3	3	3	2	3	3	3	3	3	3	3	3	3	3	2	3	3	3	3	1	3	3	530	3	2	1	3	1	1	3	1	1	3	3	1	3	3	3	3	3	3	1	3	3	3	3	3	1	3	3	1	1	3	423	1	3	3	3	3	1	3	3	1	1	3	1	3	1	3	3	2	1	3	3	3	3	3	3	3	2	3	3	3	1	1	3	3	3	3	3	3	3	2	1	1	3	3	1	1	3	2	3	3	3	1	3	3	3	1	3	3	3	3	1	1	3	3	3	3	1	3	3	3	1	3	3	1	3	3	188	3	3	3	3	3	3	3	3	3	3	3	3	1	77	3	3	1	1	1	1	3	3	236	3	3	3	1	1	1	1	1	3	2	1	1	1	1	1	3	3	3	3	116	3	1	3	1	3	1	3	1	2	3	3	3	3	3	3	3	3	361	3	1	3	3	3	1	3	3	3	3	3	3	3	3	3	1	3	1	1	3	1	3	3	3	3	3	3	1	3	3	1	3	3	1	3	3	3	3	3	3	3	3	3	3	1	1	3	3	3	3	1	321	3	3	2	3	1	3	3	3	3	3	3	3	3	3	3	1	3	101	3	3	3	3	1	3	1	3	2	1	3	3	3	3	1	1	1	297	3	3	3	3	3	3	1	3	3	3
KI914515.1.fasta	0	0	0	0	0	0	0	0	0	0	0	0	0	0	0	0	0	0	0	0	0	0	0	0	0	0	0	0	8	8	7	8	3	8	8	7	8	1	1	7	8	8	1	7	8	6	3	8	1	8	3	8	8	8	1	5	7	3	7	3	1	8	3	8	1	1	8	3	7	2	8	3	1	7	8	6	8	1	8	7	2	8	8	7	1	5	116	8	513	8	2	4	7	4	3	8	1	5	8	8	1	8	5	8	8	3	8	1	7	8	5	1	2	2	6	8	1	1	1	411	7	7	8	8	8	1	7	6	7	5	8	1	1	1	8	7	5	7	3	8	7	8	8	8	7	2	6	7	1	5	5	1	8	81	8	8	3	5	5	4	6	8	7	1	1	1	6	8	7	8	1	8	5	3	6	5	3	3	7	1	1	8	237	8	8	5	4	8	5	1	8	3	1	8	6	187	8	8	8	0	0	0	0	0	0	0	0	0	0	0	0	0	0	0	0	0	0	0	0	0	0	0	0	0	0	0	0	0	0	0	0	0	0	0	0	0	0	0	0	193	6	7	1	8	1	8	3	1	7	8	3	8	5	7	8	8	346	7	3	1	6	8	1	3	8	1	7	6	7	1	8	8	2	8	1	7	8	1	8	8	8	8	8	8	5	8	7	5	3	7	6	3	8	1	7	3	3	5	5	8	6	1	1	3	67	8	8	7	325	7	8	2	6	1	8	7	7	8	8	7	5	8	7	7	1	8	104	8	8	8	6	5	3	6	8	2	1	3	6	6	1	1	7	1	284	8	8	7	6	8	8	1	8	8	47
NC_003197.2.fasta	589	191	269	112	84	297	98	275	174	189	170	336	65	142	222	248	214	300	204	346	237	374	386	167	239	156	149	66	320	350	0	223	314	246	338	272	450	47	198	0	302	347	188	200	249	152	152	122	141	148	0	244	227	301	123	199	120	133	306	60	139	444	257	357	123	125	168	376	219	0	209	213	232	219	514	149	443	110	0	217	124	228	460	154	201	221	597	286	538	299	278	0	364	199	0	542	96	199	194	312	30	431	250	249	264	81	299	85	271	447	135	74	81	29	314	275	49	264	0	0	185	0	323	480	0	0	214	226	0	245	247	0	110	20	273	0	91	384	202	461	298	222	265	358	396	76	160	350	179	270	105	60	0	0	376	454	113	130	124	66	172	295	232	0	52	203	0	104	233	250	167	319	210	148	0	78	96	134	126	0	47	269	575	0	439	313	316	224	69	61	424	48	63	278	0	202	298	503	369	296	215	260	233	210	123	114	79	380	0	0	352	360	0	117	219	234	170	241	240	495	67	154	64	125	24	80	37	30	28	30	46	97	46	115	594	600	152	74	127	490	83	304	25	473	107	200	46	57	174	252	102	341	214	0	429	263	370	134	0	86	266	303	275	78	324	92	0	169	323	85	0	258	66	412	0	0	355	82	496	249	0	283	366	400	0	305	321	291	0	0	0	0	0	0	132	0	0	0	0	454	219	19	0	117	573	486	452	388	344	275	0	0	237	161	363	156	284	154	261	93	344	242	169	0	163	585	117	282	518	301	191	51	134	240	255	18	20	0	150	164	0	98	0	0	303	291	375	295	191	0	272	77	300	457	365
NC_008463.1.fasta	14	9	14	99	3	13	7	12	152	8	10	13	3	10	197	12	10	4	12	11	12	14	14	8	3	1	10	6	12	14	13	13	11	13	12	11	14	3	8	4	12	13	9	11	14	11	9	10	7	11	4	11	14	13	8	9	4	5	12	9	7	14	12	14	9	11	11	12	7	3	12	11	11	10	14	7	14	9	4	11	3	12	13	4	149	3	14	14	507	13	11	8	13	7	3	14	7	10	14	13	2	14	11	9	13	4	4	4	176	14	4	6	4	1	7	13	5	9	11	405	11	4	9	14	13	4	4	10	9	10	12	1	4	3	13	4	3	12	10	14	12	4	13	14	13	8	9	11	7	9	3	4	14	7	14	14	5	9	9	1	11	12	12	1	5	11	10	4	10	13	8	4	12	9	5	8	4	5	1	6	3	12	13	12	14	11	11	13	6	7	14	3	1	12	8	185	12	14	12	14	9	11	10	12	12	8	3	12	9	77	10	12	11	9	8	8	12	13	233	13	3	7	1	5	1	1	1	1	1	1	1	4	1	3	14	14	4	3	114	14	3	13	1	14	4	13	1	1	12	14	10	14	11	10	14	14	341	4	1	8	12	14	12	7	9	9	10	4	8	8	247	12	3	14	1	5	14	8	13	4	14	14	13	14	3	13	11	9	11	13	11	5	13	6	12	3	4	9	10	14	9	1	1	10	9	14	14	11	319	11	14	2	9	7	13	9	13	1	12	10	10	13	8	11	8	14	99	13	14	12	10	6	9	12	14	1	1	8	13	9	3	7	11	1	280	13	14	11	10	14	13	1	14	14	13
NC_009656.1.fasta	370	122	175	100	47	185	25	176	153	123	116	203	20	96	198	161	142	194	66	232	153	244	252	107	167	0	84	27	162	234	154	151	201	163	208	166	283	14	128	122	209	235	58	136	171	98	43	75	83	41	17	161	157	183	84	129	32	87	208	24	39	269	169	92	30	87	46	235	143	18	132	97	153	140	305	112	275	41	225	142	62	169	295	152	57	147	379	187	508	203	169	31	229	41	83	315	24	132	189	194	1	261	166	153	259	49	185	22	161	275	41	18	55	1	196	174	15	166	99	406	124	142	215	300	191	72	209	142	85	152	59	2	23	5	68	29	61	255	120	172	194	143	76	227	251	3	5	345	122	174	24	26	219	41	238	272	65	85	91	23	125	77	153	9	36	100	125	38	144	156	104	201	57	96	64	22	61	32	89	33	15	171	335	177	94	192	207	150	47	32	287	15	14	178	66	186	183	319	231	188	140	175	151	139	44	31	22	247	45	57	231	230	122	62	140	146	0	156	143	302	39	92	24	78	1	14	20	20	7	1	10	17	6	76	367	370	77	36	115	298	24	206	3	310	29	131	11	21	123	250	62	213	140	130	266	80	82	85	7	30	61	200	183	57	225	20	94	46	79	23	167	170	16	277	8	125	82	22	297	162	151	161	222	395	21	70	205	184	172	217	163	113	129	34	50	40	38	75	126	280	138	1	6	41	361	294	290	249	320	179	363	8	62	40	358	106	72	97	77	35	216	160	107	132	110	356	100	182	313	201	124	19	90	163	174	1	3	37	101	50	61	27	175	23	281	189	231	193	125	254	176	25	200	287	237
NC_011770.1.fasta	3	1	3	101	3	3	1	3	169	3	3	3	1	3	204	3	3	3	3	3	3	3	3	3	3	3	3	3	3	3	1	3	3	3	3	3	3	3	3	3	3	3	3	3	3	3	3	3	3	3	3	3	3	3	3	3	3	3	3	3	3	3	3	3	3	3	3	3	3	2	3	3	3	3	3	3	3	3	3	3	2	3	3	3	3	1	3	3	530	3	2	1	3	1	1	3	1	1	3	3	1	3	3	3	3	3	3	1	3	3	3	3	3	1	3	3	1	1	3	423	1	3	3	3	3	1	3	3	1	1	3	1	3	1	3	3	2	1	3	3	3	3	3	3	3	2	3	3	3	1	1	3	3	3	3	3	3	3	2	1	1	3	3	1	1	3	2	3	3	3	1	3	3	3	1	3	3	3	3	1	1	3	3	3	3	1	3	3	3	1	3	3	1	3	3	188	3	3	3	3	3	3	3	3	3	3	3	3	1	77	3	3	1	1	1	1	3	3	236	3	3	3	1	1	1	1	1	3	2	1	1	1	1	1	3	3	3	3	116	3	1	3	1	3	1	3	1	2	3	3	3	3	3	3	3	3	361	3	1	3	3	3	1	3	3	3	3	3	3	3	3	3	1	3	1	1	3	1	3	3	3	3	3	3	1	3	3	1	3	3	1	3	3	3	3	3	3	3	3	3	3	1	1	3	3	3	3	1	321	3	3	2	3	1	3	3	3	3	3	3	3	3	3	3	1	3	101	3	3	3	3	1	3	1	3	2	1	3	3	3	3	1	1	1	297	3	3	3	3	3	3	1	3	3	3
NC_017548.1.fasta	14	9	14	99	3	13	7	12	152	8	10	13	3	10	197	12	10	4	12	11	12	14	14	8	3	1	10	6	12	14	13	13	11	13	12	11	14	3	8	4	12	13	9	11	14	11	9	10	7	11	4	11	14	13	8	9	4	5	12	9	7	14	12	14	9	11	11	12	7	3	12	11	11	10	14	7	14	9	4	11	3	12	13	4	149	3	14	14	507	13	11	8	13	7	3	14	7	10	14	13	2	14	11	9	13	4	4	4	176	14	4	6	4	1	7	13	5	9	11	405	11	4	9	14	13	4	4	10	9	10	12	1	4	3	13	4	3	12	10	14	12	4	13	14	13	8	9	11	7	9	3	4	14	7	14	14	5	9	9	1	11	12	12	1	5	11	10	4	10	13	8	4	12	9	5	8	4	5	1	6	3	12	13	12	14	11	11	13	6	7	14	3	1	12	8	185	12	14	12	14	9	11	10	12	12	8	3	12	9	77	10	12	11	9	8	8	12	13	233	13	3	7	1	5	1	1	1	1	1	1	1	4	1	3	14	14	4	3	114	14	3	13	1	14	4	13	1	1	12	14	10	14	11	10	14	14	341	4	1	8	12	14	12	7	9	9	10	4	8	8	247	12	3	14	1	5	14	8	13	4	14	14	13	14	3	13	11	9	11	13	11	5	13	6	12	3	4	9	10	14	9	1	1	10	9	14	14	11	319	11	14	2	9	7	13	9	13	1	12	10	10	13	8	11	8	14	99	13	14	12	10	6	9	12	14	1	1	8	13	9	3	7	11	1	280	13	14	11	10	14	13	1	14	14	13
NC_017549.1.fasta	74	1	13	101	3	40	1	7	154	3	1	5	1	1	199	64	3	6	24	6	23	30	11	5	22	14	9	1	7	18	12	36	10	8	23	8	29	1	1	16	23	27	19	10	27	5	13	3	3	7	1	16	17	25	3	19	5	3	24	6	9	28	5	58	14	20	5	25	14	2	22	16	29	31	30	3	13	1	25	19	12	1	92	14	18	5	113	3	509	26	5	1	25	14	1	27	1	37	26	24	1	241	3	20	79	3	10	7	19	258	5	1	2	1	24	27	1	21	9	407	1	20	27	103	15	1	21	6	17	5	16	1	10	1	26	12	1	16	20	19	24	21	24	27	25	1	19	7	27	12	1	1	39	3	84	31	13	1	1	1	26	75	23	1	1	24	6	8	15	25	15	71	5	11	10	5	1	3	19	1	1	22	570	35	3	20	9	11	3	1	11	3	1	22	3	187	8	28	17	72	18	15	45	1	21	1	1	1	1	77	15	28	24	1	5	1	10	5	5	11	3	3	1	119	1	1	1	3	1	1	1	1	1	5	11	11	7	3	116	28	6	11	1	29	10	8	1	1	10	11	7	28	5	3	19	39	342	10	6	15	10	19	1	6	12	6	23	6	7	9	248	23	2	16	1	6	27	14	29	10	10	27	29	28	3	67	15	14	21	23	21	3	123	3	20	3	3	8	5	23	3	1	1	17	50	53	56	23	321	22	30	2	1	1	92	3	10	9	256	3	24	24	24	24	1	116	101	20	29	1	14	1	3	24	11	1	1	1	20	27	3	1	68	1	282	22	18	22	8	52	23	1	27	30	17
NC_020912.1.fasta	320	7	10	102	3	293	1	160	154	3	100	180	1	1	199	1	12	42	10	1	10	12	381	96	31	1	28	4	95	34	15	54	10	141	185	13	248	1	20	1	23	27	56	5	78	5	13	14	1	7	1	1	17	29	71	118	6	132	105	55	1	136	5	48	1	80	20	211	3	2	16	72	57	3	509	3	243	9	38	26	48	19	265	5	1	1	52	96	510	29	24	1	1	4	25	317	91	1	97	40	1	229	81	6	166	3	5	5	265	159	1	1	2	1	105	269	1	7	5	408	4	11	195	3	20	1	140	9	80	37	5	1	1	1	136	12	4	32	3	456	293	3	6	16	34	1	8	180	27	7	16	1	33	42	88	69	19	7	29	1	1	18	3	1	1	1	2	4	38	54	1	13	5	3	1	5	3	16	7	42	1	11	225	45	17	177	9	11	8	18	239	1	1	6	13	188	26	281	89	11	129	9	4	19	1	3	45	120	1	77	207	23	65	1	215	76	72	42	234	24	3	5	1	1	1	1	1	3	2	1	1	1	1	4	224	200	14	3	116	489	3	189	1	268	1	6	1	1	11	12	3	33	92	117	96	82	343	1	1	3	6	11	5	6	10	8	7	164	10	9	1	88	1	56	1	23	192	1	259	16	222	51	46	48	18	28	1	5	40	195	153	3	115	1	6	3	3	5	177	6	3	1	1	3	332	72	26	23	322	27	620	2	1	1	10	61	3	48	8	7	12	15	3	5	1	314	101	165	280	15	57	1	32	44	251	1	1	8	6	27	3	1	20	1	282	175	18	3	8	179	37	1	158	233	196
NC_021577.1.fasta	510	16	245	102	3	32	4	136	156	38	14	297	7	17	201	50	209	110	153	4	231	70	380	132	51	1	21	1	55	344	53	59	309	38	55	52	445	3	16	37	12	35	41	53	54	37	149	117	4	37	1	239	221	296	8	125	4	77	301	9	33	300	59	69	4	13	11	67	213	3	15	150	47	6	508	9	158	8	95	8	31	53	75	10	200	33	592	9	512	61	14	16	359	192	52	534	1	22	86	52	1	426	48	6	114	4	50	1	37	293	33	50	4	1	23	268	19	47	14	410	134	161	292	346	133	10	166	160	8	118	47	1	1	1	209	4	7	278	136	28	66	61	4	190	131	11	155	59	115	268	3	4	340	122	270	448	102	4	8	1	24	293	21	1	5	15	45	4	21	243	7	13	20	30	24	4	14	26	17	14	5	253	502	237	384	220	240	46	12	4	57	3	10	21	5	190	293	131	65	56	45	107	20	43	50	13	3	87	40	79	60	358	258	7	214	231	169	130	235	71	3	7	32	5	1	1	1	1	1	1	1	4	1	3	587	595	119	3	116	323	1	63	1	332	2	27	1	1	71	249	6	61	209	45	423	40	345	24	1	19	17	118	53	1	60	5	120	62	4	4	175	154	1	18	1	5	306	52	432	115	17	277	239	393	3	51	220	201	11	238	52	5	112	5	37	20	3	5	3	32	214	1	1	19	29	31	447	23	324	48	86	2	231	10	357	120	137	16	4	4	339	237	73	116	158	581	103	9	456	111	86	3	50	53	249	1	1	14	145	3	20	3	53	16	283	119	370	23	20	72	52	72	60	74	59
NC_022361.1.fasta	1	1	1	102	1	1	1	1	173	1	1	1	1	1	215	1	1	1	1	1	1	1	1	1	1	1	1	1	1	1	1	1	1	1	1	1	1	1	1	1	1	1	1	1	1	1	1	1	1	1	1	1	1	1	1	1	1	1	1	1	1	1	1	1	1	1	1	1	1	1	1	1	1	1	1	1	1	1	1	1	125	1	1	1	1	1	1	1	536	1	1	1	1	0	1	1	1	1	1	1	1	1	1	1	1	1	1	1	1	1	1	1	1	1	1	1	1	1	1	430	1	1	1	1	1	1	1	1	1	1	1	1	1	1	1	1	1	1	1	1	1	1	1	1	1	1	1	1	1	1	1	1	1	1	1	1	1	1	1	1	1	1	1	1	1	1	1	1	1	1	1	1	1	1	1	1	1	1	1	1	1	1	1	1	1	1	1	1	1	1	1	1	1	1	1	188	1	1	1	1	1	1	1	1	1	1	1	1	1	77	1	1	1	1	1	1	1	1	1	1	1	1	1	1	1	1	1	1	1	1	1	1	1	1	1	1	1	1	120	1	1	1	1	1	1	1	1	1	1	1	1	1	1	1	1	1	368	1	1	1	1	1	1	1	1	1	1	1	1	1	1	1	1	1	1	1	1	1	1	1	1	1	1	1	1	1	1	1	1	1	1	1	1	1	1	1	1	1	1	1	1	1	1	1	1	1	1	1	343	1	1	1	1	1	1	1	1	1	1	1	1	1	1	1	1	1	116	1	1	1	1	1	1	1	1	1	1	1	1	1	1	1	1	1	299	1	1	1	1	1	1	1	1	1	1
NC_022594.1.fasta	1	1	1	102	1	1	1	1	173	1	1	1	1	1	215	1	1	1	1	1	1	1	1	1	1	1	1	1	1	1	1	1	1	1	1	1	1	1	1	1	1	1	1	1	1	1	1	1	1	1	1	1	1	1	1	1	1	1	1	1	1	1	1	1	1	1	1	1	1	1	1	1	1	1	1	1	1	1	1	1	1	1	1	1	1	1	1	1	536	174	1	1	1	1	1	1	1	1	1	1	1	1	1	1	1	1	1	1	1	1	1	1	1	1	1	1	1	1	1	430	1	1	1	1	1	1	1	1	1	1	1	1	1	1	1	1	1	1	1	1	1	1	1	1	1	1	1	1	1	1	1	1	1	1	1	1	1	1	1	1	1	1	1	1	1	1	1	1	1	1	1	1	1	1	1	1	1	1	1	1	1	1	1	1	1	1	1	1	1	1	1	1	1	1	1	188	1	1	1	1	1	1	1	1	1	1	1	1	1	77	1	1	1	1	1	1	1	1	1	1	1	1	1	1	1	1	1	1	1	1	1	1	1	1	1	1	1	1	120	1	1	1	1	1	1	1	1	1	1	1	1	1	1	1	1	1	368	1	1	1	1	1	1	1	1	1	1	1	1	1	1	1	1	1	1	1	1	1	1	1	1	1	1	1	1	1	1	1	1	1	1	1	1	1	1	1	1	1	1	1	1	1	1	1	1	1	1	1	343	1	1	1	1	1	1	1	1	1	1	1	1	1	1	1	1	1	116	1	1	1	1	1	1	1	1	1	1	1	1	1	1	1	1	1	299	1	1	1	1	1	1	1	1	1	1
NC_022806.1.fasta	7	6	7	102	3	7	1	7	170	3	1	7	5	5	221	6	7	7	3	7	7	7	7	3	6	4	7	1	7	7	6	7	7	7	7	6	7	1	1	4	7	7	3	3	7	5	5	7	5	7	1	7	7	7	3	5	6	6	7	4	4	7	6	7	1	7	7	6	6	2	7	7	1	6	7	0	7	6	7	3	5	7	7	3	6	1	7	7	537	0	5	4	6	1	1	7	1	4	7	7	1	7	7	7	7	5	7	1	3	7	6	1	4	1	5	7	4	1	3	431	6	4	7	7	7	1	6	7	6	4	7	1	1	1	7	6	1	6	6	7	6	7	7	7	5	4	3	6	6	1	4	5	7	3	7	7	5	5	1	3	1	7	6	1	1	7	2	7	6	7	4	7	7	3	5	5	3	1	6	5	1	7	7	7	7	4	6	7	1	4	7	3	1	7	5	188	7	7	7	7	6	6	1	5	7	1	3	6	1	77	7	7	6	1	5	4	7	7	239	7	3	5	1	1	1	3	1	3	1	1	1	3	1	3	7	7	3	3	116	7	5	6	1	7	1	7	2	4	6	7	3	7	7	6	7	7	369	6	1	5	6	7	6	3	7	6	7	7	7	5	7	7	3	7	1	6	7	5	7	7	7	7	7	247	4	7	1	4	3	7	6	3	7	1	6	3	5	5	3	7	5	1	1	5	7	7	7	6	325	7	7	2	3	4	7	6	6	7	7	6	3	7	3	6	1	7	101	7	7	7	3	1	5	1	7	3	2	1	7	5	1	1	6	1	302	7	7	6	5	7	7	1	7	7	6
NC_022808.2.fasta	8	1	8	102	3	8	1	8	154	5	7	6	5	5	202	7	3	8	7	8	8	8	8	1	1	1	1	4	8	8	7	8	3	8	8	7	8	1	1	7	8	8	1	7	8	6	3	8	1	8	3	8	8	8	1	5	7	3	7	3	1	8	3	8	1	1	8	3	7	2	8	3	1	7	8	6	8	1	8	7	2	8	8	7	1	5	8	8	513	8	2	4	7	4	3	8	1	5	8	8	1	8	5	8	8	3	8	1	7	8	5	1	2	2	6	271	1	1	1	411	7	7	8	8	8	1	7	6	7	5	8	1	1	1	8	7	5	7	3	8	7	8	8	8	7	2	6	7	1	5	5	1	8	6	8	8	3	5	5	4	6	8	7	1	1	1	6	8	7	8	1	8	5	3	6	5	3	3	7	1	1	8	8	8	8	5	4	8	5	1	8	3	1	8	106	187	8	8	8	8	7	1	1	1	8	5	5	7	4	77	8	8	1	6	4	5	1	8	8	8	6	6	1	4	1	1	1	3	1	1	1	3	1	1	8	8	5	3	118	8	6	7	1	8	1	8	3	1	7	8	3	8	5	7	8	8	346	7	3	1	6	8	1	3	8	1	7	166	7	1	8	8	2	8	1	7	8	1	8	8	8	8	8	8	5	8	7	5	3	7	6	3	8	1	7	3	3	5	5	8	6	1	1	3	8	8	8	7	325	7	8	2	6	1	8	7	7	8	8	7	5	8	7	7	1	8	104	8	8	8	6	5	3	6	8	2	1	3	6	6	1	1	7	1	284	8	8	7	6	8	8	1	8	8	7
NC_023066.1.fasta	585	28	27	101	3	8	20	7	157	3	1	36	1	5	202	9	3	10	9	6	36	370	45	23	54	3	6	9	161	1	9	10	9	1	26	8	10	1	38	3	53	9	4	9	10	5	6	8	1	8	1	16	223	5	1	194	6	24	31	13	4	62	56	40	25	121	8	14	7	2	16	6	10	3	8	3	295	1	29	14	8	8	320	3	1	1	210	48	514	47	24	6	362	194	40	537	1	1	10	17	1	11	7	113	85	23	16	38	267	167	5	1	2	1	38	47	33	7	5	407	181	11	137	193	288	1	3	3	42	60	5	1	1	1	60	14	1	1	3	27	44	37	46	49	1	2	30	55	8	1	1	21	51	3	11	225	3	7	18	1	16	69	6	1	1	39	35	26	37	51	8	51	5	3	1	5	3	20	4	1	1	39	367	97	10	7	18	23	13	10	35	3	1	56	3	188	1	83	248	18	20	63	53	8	15	1	3	51	1	80	31	359	260	3	217	1	1	21	234	172	3	5	1	1	1	1	1	3	1	1	1	3	1	1	81	257	27	3	114	177	1	108	1	333	1	1	1	1	170	27	3	232	5	30	19	47	347	1	1	1	262	8	18	3	12	8	5	49	150	7	110	51	1	293	1	5	53	1	55	41	16	18	362	253	3	37	30	26	8	23	1	6	7	3	46	43	17	8	33	3	3	1	1	17	20	20	3	220	326	22	622	2	8	1	7	6	9	7	7	9	65	15	11	143	117	273	101	196	337	88	63	20	3	9	44	1	1	1	6	160	1	1	27	1	285	8	32	3	15	274	7	50	7	80	64
NZ_AP017302.1.fasta	4	3	4	101	4	4	3	4	158	4	4	4	3	4	203	4	4	4	4	4	4	4	4	3	4	4	4	1	4	4	3	4	4	4	4	4	4	3	4	4	4	4	4	4	4	4	4	4	4	4	1	4	4	4	4	4	4	4	4	4	4	4	4	4	4	4	4	4	4	3	4	4	4	4	4	4	4	4	4	4	3	4	4	4	4	3	4	4	515	4	3	3	4	3	2	4	1	3	4	4	1	4	4	4	4	4	4	3	4	4	4	4	4	1	4	4	1	3	4	412	3	4	4	4	4	1	4	4	3	3	4	1	1	1	4	4	3	3	4	4	4	4	4	4	4	2	4	4	4	1	3	4	4	4	4	4	4	4	3	1	3	4	3	1	3	4	3	4	4	4	3	4	4	4	3	4	3	4	1	3	1	4	4	4	4	3	4	4	4	3	4	3	3	4	4	191	4	4	4	4	4	1	4	4	4	4	4	4	3	77	4	4	3	3	3	3	4	4	4	4	4	4	1	1	1	1	1	1	1	1	1	1	1	3	4	4	4	3	116	4	3	4	1	4	3	4	1	1	4	4	4	4	4	4	4	4	348	4	1	4	4	4	3	4	4	4	4	4	4	4	4	4	1	4	2	3	4	3	4	4	4	4	4	4	3	4	4	3	4	4	3	4	4	3	4	4	4	4	4	4	4	1	1	4	4	4	4	3	327	4	4	2	4	3	4	4	1	4	4	4	4	4	4	4	3	4	103	4	4	4	4	3	4	3	4	1	1	4	4	3	3	3	3	3	286	4	4	4	4	4	4	1	4	4	4
NZ_CP006722.1.fasta	590	192	270	113	85	298	99	276	175	190	171	337	66	143	223	250	215	301	205	347	238	375	387	168	240	157	150	67	321	352	233	224	315	247	339	274	451	48	199	177	303	349	189	201	250	153	153	123	142	149	46	245	228	302	124	200	121	134	308	61	140	445	258	358	124	126	169	377	220	57	210	214	233	220	515	150	444	111	342	218	126	229	461	155	202	222	598	287	540	300	279	114	365	200	120	544	97	200	195	314	31	433	251	250	265	82	300	86	272	448	136	75	82	30	315	276	50	265	141	433	186	222	324	481	292	110	215	227	128	246	248	19	111	21	274	105	92	386	203	462	300	224	266	359	397	77	161	351	180	271	107	61	343	173	377	455	114	131	125	67	173	296	233	27	53	204	210	105	234	251	168	321	211	149	100	79	97	135	127	140	48	270	576	263	440	314	317	225	70	62	425	49	64	279	110	204	299	505	371	297	216	261	234	211	124	115	80	381	123	90	353	361	261	118	220	236	171	242	241	496	68	155	65	126	25	81	38	31	29	31	47	98	47	116	595	602	153	75	128	492	84	305	26	475	108	201	47	58	176	253	103	342	215	183	430	264	372	135	37	87	267	304	276	79	325	93	208	170	324	86	253	259	67	413	34	192	356	83	498	250	227	284	368	401	60	0	322	292	265	342	239	176	187	51	133	83	181	113	182	456	220	20	44	118	574	487	453	389	346	276	626	26	238	162	365	158	285	155	263	94	345	243	170	201	164	586	118	284	519	302	192	52	135	241	256	19	21	110	151	165	90	99	280	71	305	292	376	296	192	397	273	78	301	458	366
NZ_CP007147.1.fasta	297	7	135	104	3	5	56	8	154	21	3	171	18	9	204	1	23	28	10	8	67	46	11	5	128	7	11	4	7	175	59	44	34	27	14	28	225	1	1	21	139	202	24	10	136	84	78	3	3	9	1	32	29	133	3	1	9	0	88	3	19	34	32	37	4	1	8	3	23	2	79	9	6	27	44	17	130	1	32	47	67	135	219	3	11	1	307	1	516	40	4	56	169	5	117	225	1	24	36	35	1	41	110	27	122	3	140	1	118	82	3	1	15	1	144	6	1	126	5	413	23	11	58	11	56	1	95	54	1	24	3	1	1	1	35	7	18	37	3	36	32	3	35	6	28	13	4	28	3	14	1	10	6	3	11	101	3	73	2	36	44	33	28	1	1	29	23	3	28	5	7	35	5	21	10	5	1	3	4	1	1	44	240	11	44	33	32	24	3	1	96	3	1	39	13	190	66	222	195	23	5	30	29	1	26	3	3	38	22	80	5	64	51	3	28	27	1	5	26	251	9	5	1	1	1	1	5	3	1	1	1	3	1	11	293	299	5	3	116	169	3	11	1	213	2	6	1	6	107	11	3	41	31	30	84	17	349	1	1	18	6	37	33	3	10	12	3	10	32	1	87	23	1	163	1	46	40	1	39	32	35	41	42	13	3	152	3	1	3	147	124	1	10	1	3	3	3	56	3	6	3	1	1	5	569	40	38	189	328	22	33	3	1	36	39	3	50	9	35	3	82	26	23	5	1	82	101	6	38	10	18	1	3	33	11	2	1	3	6	3	3	5	32	1	287	8	203	34	8	40	152	1	39	47	30
NZ_CP007399.1.fasta	364	1	78	101	17	8	1	37	159	22	113	199	1	5	205	1	141	1	10	8	30	242	60	5	165	7	8	1	7	49	1	23	199	1	206	163	280	3	1	15	3	18	3	134	136	82	8	1	3	10	1	39	1	8	1	74	6	84	131	3	1	260	68	48	62	13	5	49	11	2	27	9	10	3	300	13	272	25	29	47	9	21	219	3	17	16	375	66	517	36	274	17	226	4	34	312	1	131	133	190	1	259	3	6	35	7	16	59	3	55	5	1	1	1	192	169	1	17	5	413	4	27	212	296	61	1	150	17	1	150	29	1	1	1	185	12	4	0	3	281	3	3	174	3	248	12	3	94	15	171	1	10	217	3	234	55	4	11	2	1	15	191	152	1	1	1	123	6	22	1	1	8	5	3	1	5	3	3	7	1	1	1	116	164	11	1	32	24	3	1	10	3	1	10	13	188	178	28	228	125	5	34	1	9	15	3	3	245	24	77	1	31	1	1	4	145	1	11	236	297	5	150	14	5	1	1	1	1	1	1	1	1	1	1	363	12	3	3	116	99	3	1	1	305	1	25	1	3	3	160	3	40	5	45	263	17	343	84	1	3	44	84	99	3	222	7	134	6	56	9	164	168	2	56	1	123	224	1	294	10	10	51	220	121	3	27	202	26	3	214	14	3	39	1	6	3	5	4	20	276	3	1	1	75	17	64	7	1	329	3	361	2	32	1	77	5	183	1	174	3	213	15	59	61	1	353	105	20	29	18	15	1	14	132	39	1	1	75	99	35	1	1	7	49	288	3	227	3	8	252	70	4	197	17	67
NZ_CP008739.1.fasta	52	22	8	101	3	8	1	36	160	24	3	39	1	28	206	32	28	3	24	39	38	30	11	5	35	3	10	1	38	3	36	41	21	35	28	32	43	3	1	4	1	1	1	1	42	9	1	8	1	10	1	1	5	7	3	5	6	1	10	4	20	44	253	42	16	1	1	42	11	2	16	31	227	25	0	3	13	27	41	10	8	11	48	3	28	5	47	23	518	8	2	1	42	5	1	45	1	4	38	39	1	47	29	6	39	9	16	1	3	13	5	1	2	1	14	6	3	1	5	407	1	29	14	49	33	1	13	6	1	24	3	1	1	1	18	12	4	44	25	40	10	31	39	41	35	1	24	38	27	29	8	9	35	3	39	44	1	19	24	1	1	294	31	1	1	1	26	21	1	1	1	38	206	3	1	5	3	3	4	14	1	1	47	10	48	20	312	9	3	1	43	3	1	34	3	188	33	48	39	40	25	34	230	28	6	1	1	42	1	77	39	43	34	1	1	25	29	21	29	45	5	5	4	1	1	1	1	3	2	1	1	1	1	4	590	47	14	3	116	48	15	3	1	48	1	8	1	1	10	11	12	43	30	19	46	39	350	1	1	3	7	8	36	19	12	17	14	14	10	3	3	1	1	48	1	6	35	1	45	10	30	46	33	41	12	218	35	1	31	23	5	3	10	3	3	3	3	1	1	42	6	1	1	3	52	25	45	37	326	9	49	2	34	1	45	24	10	9	17	3	37	21	4	15	5	47	101	38	59	1	187	1	3	28	5	1	1	22	6	28	1	15	14	1	289	35	42	1	3	45	32	1	25	50	3
NZ_CP008749.1.fasta	0	8	0	0	3	29	1	8	159	1	1	29	1	1	0	0	19	0	0	8	0	0	388	20	25	3	151	1	0	0	27	30	26	0	23	8	25	3	0	17	3	30	0	10	6	5	0	16	15	9	1	137	29	0	17	22	5	7	0	8	4	0	0	0	1	1	6	3	0	2	16	0	8	3	33	3	29	1	29	1	2	117	462	0	1	223	599	0	541	22	23	1	30	13	8	30	1	1	16	27	1	11	10	0	0	14	16	1	5	0	12	1	2	1	1	30	3	24	18	434	1	11	30	0	27	8	24	6	1	24	11	1	1	1	11	14	4	27	3	0	0	25	0	0	1	1	3	0	8	1	1	1	0	3	31	21	15	5	1	8	1	6	10	1	1	0	211	6	1	24	0	322	3	3	10	5	1	3	4	1	1	0	31	29	0	10	0	1	0	1	0	3	1	8	3	205	0	33	29	12	5	1	177	22	0	3	1	1	1	77	0	31	63	1	24	47	1	0	0	0	3	15	1	0	1	1	1	3	2	1	1	1	1	1	0	603	1	3	129	31	10	12	1	0	13	0	1	1	0	0	3	31	0	25	0	12	0	1	1	3	19	0	1	17	27	1	3	0	0	9	15	1	2	414	1	21	0	1	0	0	29	0	32	0	3	5	0	5	23	23	21	16	10	3	20	3	3	5	22	0	3	1	1	5	0	0	0	26	0	0	0	2	0	1	0	3	25	22	0	7	0	34	3	1	0	0	101	0	0	1	3	1	3	0	11	0	1	3	6	166	1	1	1	1	0	25	30	1	21	0	0	1	30	0	26
NZ_CP008868.1.fasta	17	7	16	105	7	15	7	15	161	10	167	15	5	13	207	8	13	14	16	14	14	18	18	12	12	6	9	8	14	17	16	16	14	15	15	14	17	3	8	12	16	17	4	14	18	13	12	13	9	13	4	78	16	8	10	195	12	9	15	11	9	17	15	18	3	13	13	15	15	2	15	13	14	12	17	12	18	11	15	14	3	16	17	10	1	10	17	17	519	17	14	10	16	9	2	16	1	12	17	15	1	18	14	15	9	6	15	3	14	17	11	7	9	1	15	17	5	9	11	405	11	4	15	476	9	1	14	12	12	13	15	1	1	3	17	4	3	15	7	17	15	4	15	17	16	5	8	14	14	11	7	4	16	11	18	17	5	8	11	7	14	15	16	1	4	15	10	13	14	17	11	15	15	4	5	10	6	7	12	5	3	14	16	16	18	14	15	16	6	7	18	4	1	16	10	192	16	18	16	14	12	14	12	7	16	4	7	15	11	81	10	15	13	11	11	10	15	16	237	17	3	9	1	1	1	1	3	3	1	1	1	1	1	3	18	17	4	4	119	18	1	16	1	18	2	15	1	1	12	251	7	17	13	14	18	18	351	12	1	4	15	17	15	1	16	11	8	4	15	1	17	253	1	18	1	12	18	10	17	15	17	17	17	14	3	16	14	12	14	16	13	10	17	6	14	10	10	4	13	17	11	2	1	12	16	18	17	15	330	14	18	2	12	10	16	4	1	13	15	4	0	16	15	14	5	17	106	17	16	12	7	5	12	12	17	1	1	8	16	3	3	3	15	1	286	16	16	15	13	17	16	1	18	18	15
NZ_CP008871.2.fasta	5	4	5	102	3	5	1	5	162	5	5	5	1	5	208	3	5	5	5	5	5	5	5	1	3	3	5	3	5	5	4	5	5	5	5	5	5	1	5	5	5	5	5	5	5	1	1	5	1	5	1	5	5	5	1	3	5	3	5	5	5	5	3	5	3	5	5	5	5	2	5	5	5	3	5	3	5	1	5	5	4	5	5	5	1	4	5	5	520	5	4	1	5	4	1	5	1	1	5	5	1	5	5	5	5	3	5	1	5	5	5	1	1	1	1	5	3	4	5	414	4	5	5	5	5	1	1	5	4	4	5	1	1	1	5	5	4	4	3	5	3	5	5	5	5	2	3	1	1	3	4	1	5	5	5	5	3	5	1	1	4	5	4	1	1	5	4	5	5	5	1	5	5	5	4	5	3	3	4	1	1	5	5	5	5	1	3	5	3	1	5	3	1	5	3	193	5	5	5	5	5	4	5	5	5	1	3	5	1	77	5	5	4	4	1	1	5	5	5	5	5	5	1	3	1	1	1	3	1	1	1	1	1	1	5	5	1	3	120	5	3	3	1	5	1	5	1	3	3	5	3	5	5	3	5	5	352	5	2	3	1	5	4	3	5	5	5	5	5	3	5	5	1	5	1	4	5	4	5	5	5	5	5	5	3	5	5	1	3	5	4	3	5	4	5	3	3	5	3	5	3	1	1	5	5	5	5	4	321	5	5	2	1	1	5	3	4	5	5	5	3	5	5	3	1	5	101	5	5	5	5	1	3	4	5	1	1	3	5	4	1	4	4	1	290	5	5	1	3	5	5	1	5	5	1
NZ_CP008929.1.fasta	591	193	271	113	86	299	99	277	176	191	172	338	67	144	224	251	216	301	206	348	239	376	389	168	241	157	152	67	322	353	234	225	316	248	340	275	452	48	200	178	304	350	190	202	251	154	154	124	142	150	46	246	229	303	125	201	122	135	309	62	141	446	259	359	125	127	170	378	221	58	211	215	234	221	516	150	445	112	343	219	127	230	463	155	203	224	600	288	542	301	280	115	365	201	121	545	98	201	196	315	31	434	252	251	266	83	301	87	273	449	137	76	82	30	316	277	51	266	142	435	187	223	325	482	293	111	216	228	128	247	249	19	112	21	275	106	93	387	204	463	301	225	267	360	398	77	162	352	181	272	108	62	344	174	378	456	114	132	126	68	174	297	234	27	54	205	212	106	235	252	169	323	212	149	101	79	97	136	128	141	48	271	577	264	441	315	318	226	70	63	426	49	65	280	111	206	300	506	372	298	217	262	235	212	125	116	80	382	124	90	354	362	262	119	221	237	172	243	242	497	68	155	65	126	25	81	38	31	29	31	47	99	47	117	596	604	154	75	128	493	85	306	26	476	109	202	47	58	177	254	104	343	215	184	431	265	373	136	37	88	268	305	277	80	326	93	208	171	325	87	254	260	67	415	34	193	357	83	499	251	228	285	369	402	61	306	323	293	266	343	240	177	188	52	134	83	182	113	183	457	221	20	45	119	575	488	454	390	347	277	627	26	239	163	366	159	286	156	264	95	346	244	171	202	165	587	119	285	520	303	193	53	136	241	257	20	21	110	152	167	90	100	281	72	306	293	377	297	193	398	273	78	302	459	367
NZ_CP009461.1.fasta	592	194	272	113	85	300	100	278	177	192	173	339	67	143	225	252	217	302	205	349	240	377	390	168	242	158	152	68	323	354	235	226	317	249	341	276	453	48	201	179	305	351	191	202	252	154	155	125	143	151	47	247	230	304	126	202	123	136	310	63	142	447	260	360	126	128	171	379	222	59	212	216	235	222	517	151	446	111	344	220	126	231	464	156	204	225	601	289	543	302	279	116	366	202	122	546	99	201	197	316	31	435	253	252	267	82	302	87	274	450	136	77	83	30	317	278	50	267	143	436	188	224	324	483	294	112	217	229	128	248	250	19	111	21	276	107	93	388	205	464	302	226	268	361	399	77	163	353	181	273	109	61	345	175	379	457	115	133	125	67	175	298	235	27	53	206	213	107	236	253	168	324	213	149	102	80	97	137	129	142	48	272	578	265	442	316	319	227	71	63	427	49	66	281	112	204	301	507	373	299	218	263	236	213	124	117	81	383	125	91	355	363	263	120	222	238	173	244	243	498	68	155	65	126	25	81	38	31	29	31	47	100	47	118	597	605	155	75	128	494	86	307	26	477	110	203	47	58	178	255	105	344	215	185	432	266	374	137	37	87	269	306	278	81	327	93	209	172	326	88	255	261	68	416	34	194	358	84	500	252	229	286	368	403	60	307	324	294	267	344	241	178	189	53	135	83	183	114	184	458	222	20	45	120	576	489	455	391	348	278	628	26	240	164	367	160	287	157	265	96	347	245	172	203	164	588	120	286	521	304	194	52	137	242	258	21	21	110	153	168	90	101	282	73	307	294	378	298	193	399	273	78	303	460	368
NZ_CP010555.1.fasta	6	5	6	101	3	6	1	6	163	3	6	6	4	5	209	5	6	6	6	6	6	6	6	4	5	3	6	1	6	6	5	6	6	6	6	5	6	3	1	6	297	6	6	6	6	5	3	6	4	6	1	6	6	6	1	3	5	5	6	6	4	6	5	6	5	6	6	3	6	2	6	6	6	5	6	5	6	5	6	6	3	6	6	6	5	0	6	6	521	6	4	4	1	1	3	167	3	1	6	6	1	6	6	6	6	1	6	1	6	6	1	1	5	1	5	6	3	5	6	415	5	6	0	6	6	1	5	6	5	5	6	1	1	1	6	3	1	5	5	6	5	6	6	6	28	7	30	0	5	4	1	3	342	3	6	6	3	6	4	1	5	6	5	1	1	6	5	6	1	6	1	6	6	6	1	5	1	3	5	4	1	6	6	10	6	1	5	6	3	1	6	3	1	6	5	194	6	6	6	6	5	5	6	6	6	3	3	1	1	77	6	6	5	5	4	1	6	6	6	6	3	5	1	1	1	1	1	3	1	1	1	1	1	4	6	6	3	3	121	6	4	3	1	227	1	6	1	1	5	6	5	6	6	5	6	6	353	1	1	3	5	6	271	3	6	5	6	6	11	3	6	6	1	6	1	5	6	1	6	6	6	6	6	6	3	6	6	1	5	6	5	3	6	1	5	5	3	6	3	6	3	1	1	5	69	6	6	5	331	6	6	2	53	1	6	5	280	6	6	3	3	6	6	5	87	263	99	6	6	6	6	4	3	5	6	2	1	5	6	1	4	5	5	1	291	6	6	5	3	6	6	1	6	6	5
NZ_CP012585.1.fasta	510	36	203	99	0	294	10	136	178	10	127	297	7	17	210	50	209	49	153	4	54	273	75	132	51	1	21	1	0	0	0	0	25	15	232	0	321	3	18	15	28	35	41	196	54	37	36	8	4	22	1	29	54	199	4	125	4	14	34	4	18	305	190	253	4	13	65	268	124	53	152	150	47	6	74	9	439	8	250	159	31	53	331	10	0	33	430	125	522	231	6	10	263	192	99	538	1	42	122	224	1	301	48	175	114	4	50	1	37	309	97	3	12	1	224	10	1	47	14	410	134	161	234	346	213	10	166	160	8	118	243	1	1	1	209	4	7	278	136	0	118	79	53	29	59	11	8	231	115	27	3	4	255	122	270	313	3	54	8	1	24	127	89	1	5	15	206	4	21	186	7	13	20	30	24	4	14	3	15	5	3	198	390	34	309	220	240	46	12	4	57	3	10	21	5	190	28	131	65	213	45	0	20	157	50	4	3	87	40	81	60	65	26	3	156	107	27	30	63	71	3	7	47	5	15	1	1	1	1	1	1	4	1	3	417	425	119	21	116	323	1	300	1	331	2	27	1	1	12	0	6	61	39	45	286	40	354	95	1	19	17	35	0	0	246	3	21	62	4	4	0	154	1	18	1	5	4	16	58	116	63	277	168	0	3	51	220	212	11	238	52	172	112	3	8	63	17	16	44	321	158	1	1	19	35	31	32	280	324	48	86	2	233	111	268	120	137	1	199	6	217	53	73	25	86	405	107	281	456	191	70	4	50	53	115	1	17	14	38	3	20	3	53	16	284	98	61	23	20	72	52	52	60	74	59
NZ_CP012679.1.fasta	7	6	7	102	3	7	1	7	170	3	1	7	5	5	221	6	7	7	3	7	7	7	7	3	6	4	7	1	7	7	6	7	7	7	7	6	7	1	1	4	7	7	3	3	7	5	5	7	5	7	1	7	7	7	3	5	6	6	7	4	4	7	6	7	1	7	7	6	6	2	7	7	1	6	7	3	7	6	7	3	5	7	7	3	6	1	7	7	537	7	5	4	6	1	1	7	1	4	7	7	1	7	7	7	7	5	7	1	3	7	6	1	4	1	5	7	4	1	3	431	6	4	7	7	7	1	6	7	6	4	7	1	1	1	7	6	1	6	6	7	6	7	7	7	5	4	3	6	6	1	4	5	7	3	7	7	5	5	1	3	1	7	6	1	1	7	2	7	6	7	4	7	7	3	5	5	3	1	6	5	1	7	7	7	7	4	6	7	1	4	7	3	1	7	5	188	7	7	7	7	6	6	1	5	7	1	3	6	1	77	7	7	6	1	5	4	7	7	239	7	3	5	1	1	1	3	1	3	1	1	1	3	1	3	7	7	3	3	116	7	5	6	1	7	1	7	2	4	6	7	3	7	7	6	7	7	369	6	1	5	6	7	6	3	7	6	7	7	7	5	7	7	3	7	1	6	7	5	7	7	7	7	7	7	4	7	1	4	3	7	6	3	7	1	6	3	5	5	3	7	5	1	1	5	7	7	7	6	325	7	7	2	3	4	7	6	6	7	7	6	3	7	3	6	1	7	101	7	7	7	3	1	5	1	7	3	2	1	7	5	1	1	6	1	302	7	7	6	5	7	7	1	7	7	6
NZ_CP013245.1.fasta	27	15	65	101	3	66	4	12	164	47	20	69	5	20	203	62	10	4	61	68	22	80	92	8	20	12	0	1	67	84	64	67	41	62	65	21	26	3	47	45	42	79	6	53	7	35	18	8	4	40	1	66	53	68	33	33	4	7	68	22	20	85	12	88	4	9	45	85	21	3	15	49	58	47	95	44	87	1	71	3	3	64	102	13	54	32	98	36	523	74	14	1	80	9	31	85	23	48	60	79	1	110	46	57	75	6	68	3	48	87	32	7	9	6	23	28	5	52	44	416	18	32	76	97	64	25	38	55	8	33	15	1	1	3	15	25	27	86	4	81	25	4	73	73	76	1	47	73	54	65	20	4	72	40	78	98	6	0	18	1	24	73	27	1	51	104	3	4	57	24	27	49	20	4	19	10	3	3	17	5	1	59	103	65	86	68	75	9	4	4	90	3	1	65	5	195	122	27	76	25	19	7	7	46	1	4	3	24	15	82	26	83	3	3	100	6	35	7	50	90	3	5	1	1	1	7	1	3	2	1	8	1	1	53	94	102	4	22	122	97	23	74	1	98	27	42	1	1	18	59	6	9	51	54	24	73	355	12	1	14	54	24	24	18	77	3	57	18	22	4	22	64	1	30	4	5	77	8	91	6	41	83	159	76	3	22	67	19	63	70	59	24	44	6	21	14	4	7	4	89	99	1	1	4	259	94	89	77	327	58	108	2	109	35	80	18	67	16	136	4	13	60	51	22	23	583	108	69	92	68	10	6	39	63	66	1	1	8	13	3	3	3	65	18	292	61	7	21	19	25	22	3	24	95	74
NZ_CP013477.1.fasta	260	16	136	106	3	47	7	119	165	36	41	152	5	81	211	8	21	155	80	179	54	9	196	57	139	12	45	1	111	106	53	128	160	53	106	80	16	1	8	12	75	194	52	56	127	75	24	37	9	15	4	101	66	8	10	12	8	14	164	9	9	209	129	168	3	28	83	172	7	2	110	80	4	6	245	39	216	22	51	11	68	26	234	76	43	112	289	36	524	169	11	21	183	88	64	252	7	105	116	156	1	206	20	123	75	6	68	3	127	224	32	7	9	6	23	28	19	58	61	417	72	17	175	243	97	41	128	112	32	43	114	1	1	1	152	4	3	60	42	216	25	118	25	175	192	11	88	160	18	126	8	4	180	88	20	6	3	8	1	1	104	60	24	1	29	8	102	62	117	66	56	112	20	77	48	4	3	24	29	14	3	100	259	28	33	162	172	117	6	4	30	3	1	127	5	187	8	244	190	146	96	132	119	108	9	8	3	192	72	83	28	30	15	7	87	88	35	7	85	243	31	66	1	1	1	8	1	3	1	1	1	7	1	3	252	252	4	3	123	209	3	167	1	239	2	72	1	1	63	126	6	170	104	109	207	153	356	23	1	6	133	159	39	1	60	4	42	4	8	10	132	57	1	219	1	12	176	10	130	83	19	4	104	124	3	16	167	51	143	33	136	85	100	27	19	33	17	4	101	229	4	1	1	18	298	201	227	196	332	134	287	2	3	12	200	4	147	18	146	4	23	132	4	9	82	278	109	86	243	138	44	4	9	136	138	1	1	14	21	3	3	55	137	3	293	151	189	148	40	207	29	1	37	43	185
NZ_CP014051.2.fasta	589	191	269	112	84	297	98	275	174	189	170	336	65	142	222	248	214	300	204	346	237	374	386	167	239	156	149	66	320	350	236	223	314	246	338	272	450	47	198	180	302	347	188	200	249	152	152	122	141	148	0	244	227	301	123	199	120	133	306	60	139	444	257	0	123	125	168	376	219	60	209	213	232	219	514	149	443	110	345	217	124	228	460	154	201	221	597	286	538	299	278	0	364	199	0	542	96	199	194	312	30	431	250	249	264	81	299	85	271	447	135	74	81	29	314	275	49	264	0	0	185	0	323	480	0	0	214	226	0	245	247	0	110	20	273	0	91	384	202	461	298	222	265	358	396	76	160	350	179	270	105	60	346	0	376	454	113	130	124	66	172	295	232	0	52	203	0	104	233	250	167	319	210	148	0	78	96	134	126	143	47	269	575	0	439	313	316	224	69	61	424	48	63	278	0	202	298	503	369	296	215	260	233	210	123	114	79	380	126	92	352	360	264	117	219	234	170	241	240	495	67	154	64	125	24	80	37	30	28	30	46	97	46	115	594	600	152	74	127	490	83	304	25	473	107	200	46	57	174	252	102	341	214	186	429	263	370	134	0	86	266	303	275	78	324	92	210	169	323	85	256	258	66	412	0	195	355	82	496	249	230	283	366	400	0	305	321	291	0	0	0	0	0	0	132	0	0	0	0	454	219	19	46	117	573	486	452	388	344	275	629	0	237	161	363	156	284	154	261	93	344	242	169	0	163	585	117	282	518	301	191	51	134	240	255	18	20	0	150	164	0	98	0	74	303	291	375	295	191	400	272	77	300	457	365
NZ_CP015001.1.fasta	565	7	9	107	79	9	4	9	166	6	168	8	5	6	212	8	8	9	8	7	9	9	9	3	7	5	4	5	9	9	8	9	8	9	9	4	9	3	6	8	9	4	4	8	60	7	4	9	3	9	4	4	9	9	5	6	8	5	8	4	6	9	7	9	4	8	9	7	8	3	9	8	7	4	84	7	9	7	9	8	6	9	9	8	7	6	9	9	525	9	6	5	8	1	3	9	4	6	9	9	1	9	8	9	9	4	9	3	8	9	7	5	4	1	7	9	1	6	7	418	7	8	4	9	9	3	8	8	8	6	9	1	1	1	9	8	6	8	7	9	8	4	9	9	8	5	7	8	7	6	4	6	9	7	9	438	6	4	6	1	7	9	8	1	4	8	7	9	8	9	162	4	31	7	6	5	3	5	8	5	3	9	9	9	9	6	7	9	4	5	9	3	1	9	7	196	9	9	9	9	8	7	7	7	9	6	3	8	5	84	9	9	7	7	6	6	8	9	238	9	3	3	1	5	1	1	3	3	1	1	1	1	1	1	588	9	6	4	119	9	5	8	1	9	2	9	1	1	8	9	6	9	8	8	9	9	357	8	1	6	7	9	7	5	9	5	8	8	8	1	9	9	1	18	1	8	9	6	9	9	9	9	9	9	1	9	8	6	6	8	7	5	9	3	8	4	4	7	6	9	7	1	1	6	9	9	9	8	333	8	9	1	7	5	9	8	8	9	9	8	6	9	8	8	5	9	107	9	9	9	7	5	6	7	9	1	1	6	8	7	3	6	8	1	280	9	9	8	7	9	9	1	9	9	8
NZ_CP015002.1.fasta	8	1	8	102	3	8	1	8	154	5	7	6	5	5	202	7	3	8	7	8	8	8	8	1	1	1	1	4	8	8	7	8	3	8	8	7	8	1	1	7	8	8	1	7	8	6	3	8	1	8	3	8	8	8	1	5	7	3	7	3	1	8	3	8	1	1	8	3	7	2	8	3	1	7	8	6	8	1	8	7	2	8	8	7	1	5	8	8	513	8	2	4	7	4	3	8	1	5	8	8	1	8	5	8	8	3	8	1	7	8	5	1	2	2	6	8	1	1	1	411	7	7	8	8	8	1	7	6	7	5	8	1	1	1	8	7	5	7	3	8	7	8	8	8	7	2	6	7	1	5	5	1	8	6	8	8	3	5	5	4	6	8	7	1	1	1	6	8	7	8	1	8	5	3	6	5	3	3	7	1	1	8	8	8	8	5	4	8	5	1	8	3	1	8	6	187	8	8	8	8	7	1	1	1	8	5	5	7	4	77	8	8	1	6	4	5	1	8	8	8	6	6	1	4	1	1	1	3	1	1	1	3	1	1	8	8	5	3	118	8	6	7	1	8	1	8	3	1	7	8	3	8	5	7	8	8	346	7	3	1	6	8	1	3	8	1	7	6	7	1	8	8	2	8	1	7	8	1	8	8	8	8	8	8	5	8	7	5	3	7	6	3	8	1	7	3	3	5	5	8	6	1	1	3	8	8	8	7	325	7	8	2	6	1	8	7	7	8	8	7	5	8	7	7	1	8	104	8	8	8	6	5	3	6	8	2	1	3	6	6	1	1	7	1	284	8	8	7	6	8	8	1	8	8	7
NZ_CP015377.1.fasta	32	19	24	100	13	28	13	9	167	16	22	28	46	4	213	12	8	22	26	26	24	32	31	3	24	7	18	1	27	31	12	29	25	15	22	23	31	3	18	15	28	29	20	24	28	20	20	8	14	18	11	24	28	27	16	21	4	7	26	4	16	30	24	29	4	22	11	27	22	2	24	11	25	23	32	16	28	22	28	20	15	28	31	13	20	19	30	30	526	9	6	16	29	1	12	29	1	22	28	26	1	30	23	22	9	13	24	4	21	31	18	11	4	1	26	29	9	23	7	419	20	22	29	32	26	4	23	22	19	23	25	1	11	3	28	4	14	26	22	30	23	24	26	29	27	11	8	27	24	22	8	4	28	20	30	32	5	17	20	1	25	27	25	1	4	18	18	4	4	26	17	25	23	105	7	14	3	7	20	16	1	24	30	28	33	26	24	9	4	4	30	4	1	24	15	192	16	32	28	30	5	23	23	12	1	3	4	29	18	81	29	30	26	3	19	6	25	26	4	30	9	104	1	11	1	1	1	3	1	1	1	1	1	1	31	32	18	3	114	30	11	27	1	31	12	20	1	1	8	25	6	30	21	24	29	9	358	4	1	11	24	28	28	4	26	4	25	20	25	10	25	25	1	31	1	20	31	8	31	14	19	29	31	30	1	8	24	23	22	27	22	15	23	6	21	14	17	4	21	28	4	1	1	4	35	31	32	25	334	24	32	2	23	13	31	4	24	16	27	4	13	25	22	26	118	32	108	29	31	25	21	5	17	26	27	1	1	14	16	3	7	13	26	1	294	24	29	25	8	29	13	1	29	32	25
NZ_CP015877.1.fasta	202	22	7	101	3	8	30	76	154	22	1	64	10	1	215	75	17	7	63	1	10	112	42	15	46	3	33	1	86	21	10	11	34	77	81	8	42	1	1	9	3	72	3	3	3	22	3	8	4	10	1	14	100	7	3	5	6	1	88	3	3	109	5	85	25	1	8	83	70	2	34	9	8	3	123	3	111	1	50	3	8	8	8	1	1	1	136	3	528	36	4	79	50	14	1	30	11	61	18	95	1	65	1	23	74	7	21	1	5	113	1	1	2	1	84	8	1	1	26	421	44	41	27	44	78	1	75	3	7	28	5	1	1	1	79	3	4	7	3	71	1	72	37	35	103	2	55	90	8	25	1	1	7	3	100	119	1	8	2	1	4	16	17	1	1	13	26	20	1	1	1	8	3	3	1	5	3	3	7	1	1	68	132	42	17	9	98	12	8	18	62	11	1	81	30	198	201	122	3	84	28	76	63	22	15	1	3	1	1	77	1	103	51	3	4	5	1	72	236	78	3	3	3	1	1	1	1	1	2	1	1	1	1	1	132	137	21	3	116	116	3	94	1	48	1	6	1	1	5	6	3	33	5	12	110	6	343	1	1	3	72	55	51	6	3	5	14	6	7	7	34	255	2	121	1	5	13	1	120	12	12	23	1	16	5	17	52	35	77	33	14	47	7	13	28	28	3	8	26	86	48	1	1	8	148	19	7	1	336	66	12	2	1	6	112	5	79	1	1	5	3	15	41	24	5	138	105	84	120	1	14	1	3	6	5	1	1	1	7	1	9	25	1	1	295	78	13	25	78	113	5	1	35	136	69
NZ_CP017099.1.fasta	10	7	10	102	3	10	5	7	154	3	1	9	1	7	216	9	3	10	9	6	10	10	10	5	8	1	3	1	7	10	9	10	9	10	10	8	10	1	1	3	5	9	7	9	10	8	6	6	6	6	1	9	10	10	6	7	9	3	9	7	4	10	8	10	6	9	10	8	9	2	7	7	1	6	10	8	10	8	10	9	7	10	10	3	1	5	10	10	529	10	7	6	9	1	1	10	1	7	10	10	1	10	9	10	10	6	10	1	9	10	8	3	4	1	8	8	1	7	8	422	1	9	9	10	10	1	6	7	6	7	3	1	1	1	10	9	7	9	8	10	9	9	10	10	9	2	4	9	8	7	1	7	10	8	10	10	3	7	1	3	1	10	9	1	1	5	8	4	8	10	6	9	9	8	1	6	1	1	9	1	1	10	10	5	10	7	8	10	3	1	10	3	1	10	3	188	10	10	10	10	5	8	8	8	10	1	3	9	6	86	10	6	8	8	5	1	9	10	239	10	3	3	3	1	1	1	1	1	2	1	1	1	1	1	10	10	1	3	116	10	1	9	1	10	1	10	4	5	9	10	6	10	9	9	10	10	360	9	1	7	8	10	8	6	10	7	3	164	9	6	10	10	4	10	1	6	10	1	10	10	10	10	10	10	3	10	9	7	7	9	1	6	10	5	9	6	6	5	7	10	3	1	1	7	10	10	10	9	337	1	10	2	8	6	7	6	9	7	7	9	7	3	9	6	1	10	111	10	10	10	8	1	3	8	10	1	1	3	9	8	1	1	9	4	296	10	10	3	5	10	10	1	10	10	9
NZ_CP017969.1.fasta	275	1	3	101	3	3	1	3	169	3	3	3	1	3	204	3	3	3	3	3	3	3	3	3	3	153	3	3	3	3	1	3	3	3	3	3	3	3	3	3	3	3	3	3	3	3	3	3	3	3	3	3	3	3	3	3	3	3	3	3	3	3	3	3	3	3	3	3	3	2	3	3	3	3	3	3	3	3	3	3	2	3	3	3	3	1	3	3	530	3	2	1	3	1	1	3	1	1	3	3	1	3	3	3	3	3	3	1	3	3	3	3	3	1	3	3	1	1	3	423	1	3	3	3	3	1	3	3	1	1	3	1	3	1	3	3	2	1	3	3	3	3	3	3	3	2	3	3	3	1	1	3	3	3	3	3	3	3	2	1	1	3	3	1	1	3	2	3	3	3	1	3	3	3	1	3	3	3	3	1	1	3	3	3	3	1	3	3	3	1	3	3	1	3	3	188	3	3	3	3	3	3	3	3	3	3	3	3	1	77	3	3	1	1	1	1	3	3	236	3	3	3	1	1	1	1	1	3	2	1	1	1	1	1	3	3	3	3	116	3	1	3	1	3	1	3	1	2	3	3	3	3	3	3	3	3	361	3	1	3	3	3	1	3	3	3	3	3	3	3	3	3	1	3	1	1	3	1	3	3	3	3	3	3	1	3	3	1	3	3	1	3	3	3	3	3	3	3	3	3	3	1	1	3	3	3	3	1	321	3	3	2	3	1	3	3	3	3	3	3	3	3	3	3	1	3	101	3	3	3	3	1	3	1	3	2	1	3	3	3	3	1	1	1	297	3	3	3	3	3	3	1	3	3	3
NZ_CP027165.1.fasta	11	1	11	102	3	11	1	7	154	3	169	10	1	8	205	10	9	11	10	9	11	11	11	6	3	3	4	1	10	11	10	11	10	11	6	9	11	1	7	4	10	10	8	3	11	9	7	8	1	3	5	10	11	8	1	3	6	7	10	3	1	11	9	11	7	10	8	9	10	2	10	4	8	8	11	3	11	1	11	10	8	11	11	1	1	7	11	11	530	11	8	4	10	1	1	11	1	1	11	11	1	11	10	11	8	7	11	1	10	11	1	1	1	1	9	10	1	8	9	424	8	10	10	11	11	1	9	9	7	8	5	1	1	1	11	3	1	10	3	11	10	10	11	11	10	1	8	10	9	5	1	8	11	6	11	11	7	8	7	1	8	6	10	1	1	9	6	10	1	11	7	10	5	3	1	5	3	3	7	1	1	11	11	10	11	8	9	11	3	1	11	3	1	11	3	199	11	11	5	11	7	9	4	9	1	3	1	10	7	77	11	10	9	1	1	1	10	5	5	11	4	4	1	6	1	1	1	1	1	1	1	1	1	5	11	11	7	3	116	11	3	10	1	11	1	11	1	1	10	11	7	11	5	3	11	11	362	10	1	3	9	11	9	6	11	8	9	164	10	4	11	11	2	11	1	6	11	7	11	11	11	11	11	11	3	11	1	1	8	10	8	7	7	3	10	1	3	1	1	11	3	1	1	8	11	11	11	10	338	9	11	2	1	1	10	3	10	8	10	5	8	10	10	3	6	11	101	11	11	11	3	1	7	9	11	2	1	1	10	3	3	5	10	1	298	11	11	9	8	11	11	1	11	11	10
NZ_CP028331.1.fasta	12	8	12	102	3	12	6	10	154	7	1	11	1	9	204	11	3	12	11	1	10	12	12	7	9	3	8	3	11	12	11	7	10	12	3	3	12	1	1	9	11	11	3	10	12	10	3	1	3	10	6	1	12	11	7	1	1	3	11	3	1	12	10	12	8	1	5	10	11	2	11	9	9	8	12	8	12	1	12	10	9	11	12	5	8	4	12	12	531	7	0	7	11	5	1	12	5	8	12	12	1	12	1	5	11	4	12	1	3	12	9	1	6	1	10	11	4	7	5	425	9	11	11	12	3	1	10	6	4	9	10	1	1	1	5	3	1	1	9	12	1	8	12	12	11	6	8	9	10	8	1	9	12	3	12	12	3	1	1	1	9	11	11	1	4	10	4	11	9	1	1	11	10	3	1	5	3	3	10	1	1	3	3	3	12	9	5	12	3	1	12	3	4	5	3	193	5	12	11	12	5	4	5	10	11	3	3	1	1	77	12	11	10	1	1	7	11	11	234	12	3	5	4	1	2	4	1	1	1	1	1	1	1	1	12	12	8	5	116	12	3	11	1	12	1	6	1	6	3	12	8	12	6	1	12	12	363	1	1	3	10	12	10	3	11	5	7	9	11	7	3	1	1	12	1	9	12	1	12	12	12	12	5	12	6	12	1	8	9	11	9	8	11	5	9	7	7	5	8	12	3	1	1	5	12	12	12	1	339	3	12	2	3	1	11	3	11	1	11	3	1	11	11	9	7	12	112	12	12	3	1	1	3	10	12	2	1	5	11	3	3	1	1	1	299	8	12	3	9	12	12	2	12	12	11
NZ_CP029090.1.fasta	13	8	13	109	3	8	1	11	170	1	1	12	5	5	217	3	6	6	6	10	3	13	13	5	10	1	9	1	6	13	12	12	10	1	11	10	13	3	1	4	3	12	3	5	13	1	8	3	3	7	1	1	13	12	1	8	6	3	10	8	4	13	11	13	3	1	8	11	5	2	6	10	10	9	13	9	13	8	6	6	3	6	6	6	5	0	13	13	532	12	10	8	12	6	1	13	6	9	13	6	1	13	3	6	12	1	6	1	11	13	5	1	2	1	11	12	1	1	10	426	10	11	5	13	12	1	11	3	5	5	11	1	1	1	12	10	1	11	5	13	11	11	6	13	12	7	3	3	11	4	1	10	13	3	13	13	1	8	8	5	10	8	3	1	1	6	9	6	1	12	7	8	11	3	7	7	3	1	7	1	1	1	12	11	13	10	10	10	3	6	13	3	1	6	3	188	8	13	3	13	5	10	9	11	6	7	3	11	8	87	13	10	1	6	7	1	1	12	5	6	3	5	5	1	1	1	1	3	1	1	1	1	1	4	13	13	9	3	116	13	1	12	1	13	1	12	1	1	11	13	9	13	10	5	13	13	364	1	1	3	11	13	11	3	12	1	7	10	10	7	12	1	2	13	1	6	13	5	7	7	13	13	12	13	3	5	10	5	10	12	10	3	12	3	11	1	3	8	9	13	8	1	1	9	13	13	13	5	340	10	13	3	1	1	12	3	12	10	11	3	9	12	6	10	1	13	113	3	13	7	9	4	8	11	13	2	1	7	12	5	3	1	1	1	295	12	13	10	8	13	11	1	13	13	12
NZ_CP031449.2 .fasta	14	9	14	99	3	13	7	12	152	8	10	13	3	10	197	12	10	4	12	11	12	14	14	8	3	1	10	6	12	14	13	13	11	13	12	11	14	3	8	4	12	13	9	11	14	11	9	10	7	11	4	11	14	13	8	9	4	5	12	9	7	14	12	14	9	11	11	12	7	3	12	11	11	10	14	7	14	9	4	11	3	12	13	4	4	3	14	14	507	13	11	8	13	7	3	14	7	10	14	13	2	14	11	9	13	4	4	4	12	14	4	6	4	1	7	13	5	9	11	405	11	4	9	14	13	4	4	10	9	10	12	1	4	3	13	4	3	12	10	14	12	4	13	14	13	8	9	11	7	9	3	4	14	7	14	14	5	9	9	1	11	12	12	1	5	11	10	4	10	13	8	4	12	9	5	8	4	5	1	6	3	12	13	12	14	11	11	13	6	7	14	3	1	12	8	185	12	14	12	14	9	11	10	12	12	8	3	12	9	77	10	12	11	9	8	8	12	13	233	13	3	7	1	5	1	1	1	1	1	1	1	4	1	3	14	14	4	3	114	14	3	13	1	14	4	13	1	1	12	14	10	14	11	10	14	14	341	4	1	8	12	14	12	7	9	9	10	4	8	8	247	12	3	14	1	5	14	8	13	4	14	14	13	14	3	13	11	9	11	13	11	5	13	6	12	3	4	9	10	14	9	1	1	10	9	14	14	11	319	11	14	2	9	7	13	9	13	1	12	10	10	13	8	11	8	14	99	13	14	12	10	6	9	12	14	1	1	8	13	9	3	7	11	1	280	13	14	11	10	14	13	1	14	14	13
NZ_CP034244.1 (2).fasta	14	9	14	99	3	13	7	12	152	8	10	13	3	10	197	12	10	4	12	11	12	14	14	8	3	1	10	6	12	14	13	13	11	13	12	11	14	3	8	4	12	13	9	11	14	11	9	10	7	11	4	11	14	13	8	9	4	5	12	9	7	14	12	14	9	11	11	12	7	3	12	11	11	10	14	7	14	9	4	11	3	12	13	4	4	3	14	14	507	13	11	8	13	7	3	14	7	10	14	13	2	14	11	9	13	4	4	4	12	14	4	6	4	1	7	13	5	9	11	405	11	4	9	14	13	4	4	10	9	10	12	1	4	3	13	4	3	12	10	14	12	4	13	14	13	8	9	11	7	9	3	4	14	7	14	14	5	9	9	1	11	12	12	1	5	11	10	4	10	13	8	4	12	9	5	8	4	5	1	6	3	12	13	12	14	11	11	13	6	7	14	3	1	12	8	185	12	14	12	14	9	11	10	12	12	8	3	12	9	77	10	12	11	9	8	8	12	13	233	13	3	7	1	5	1	1	1	1	1	1	1	4	1	3	14	14	4	3	114	14	3	13	1	14	4	13	1	1	12	14	10	14	11	10	14	14	341	4	1	8	12	14	12	7	9	9	10	4	8	8	247	12	3	14	1	5	14	8	13	4	14	14	13	14	3	13	11	9	11	13	11	5	13	6	12	3	4	9	10	14	9	1	1	10	9	14	14	11	319	11	14	2	9	7	13	9	13	1	12	10	10	13	8	11	8	14	99	13	14	12	10	6	9	12	14	1	1	8	13	9	3	7	11	1	280	13	14	11	10	14	13	1	14	14	13
NZ_CP093395.1.fasta	178	64	104	101	3	56	21	33	154	70	1	30	1	1	199	249	7	7	14	3	10	25	7	3	28	18	3	1	109	351	6	7	50	44	23	273	7	1	77	1	85	348	24	66	42	9	13	8	1	3	1	18	210	5	1	3	6	3	307	4	4	41	6	7	1	7	7	348	6	2	7	7	1	3	456	73	248	1	11	78	5	21	7	3	6	1	183	7	539	20	7	1	38	42	104	543	1	25	10	313	1	432	1	6	35	5	69	1	3	7	6	1	4	1	5	12	5	46	5	432	1	29	117	410	7	17	5	6	59	92	50	1	1	1	5	3	1	385	8	145	299	223	45	36	1	1	12	6	137	100	106	4	6	3	233	77	9	11	12	1	15	28	6	1	1	1	34	20	1	91	7	320	133	134	6	5	3	3	19	139	1	3	169	104	301	4	6	7	1	4	7	3	1	100	3	203	10	504	370	18	13	26	1	23	6	1	3	6	1	77	86	248	1	1	12	235	1	92	80	7	3	5	1	1	1	4	13	3	1	1	4	1	1	1	109	601	3	3	116	491	3	182	1	474	19	6	1	4	175	22	3	7	7	25	144	24	371	6	1	18	47	7	118	3	116	8	53	39	11	5	7	7	3	48	1	191	13	5	497	7	7	0	367	7	4	7	25	102	103	321	114	3	32	13	60	1	5	5	3	455	3	1	1	17	119	65	98	117	345	45	181	2	3	1	364	4	49	9	262	32	121	30	3	20	18	500	111	71	95	273	3	1	19	1	38	2	1	3	28	47	29	1	102	1	304	57	47	3	15	46	44	1	25	252	16
NZ_LT608330.1.fasta	349	1	7	101	3	8	9	7	154	3	3	5	1	12	218	1	9	11	15	8	10	17	17	11	3	3	8	1	7	16	15	15	13	1	3	13	16	1	1	11	15	16	12	5	17	1	7	1	3	6	1	14	7	16	3	11	6	3	14	3	1	16	62	17	11	1	8	14	14	5	14	1	229	3	16	11	17	1	8	7	9	15	16	5	10	40	16	16	533	296	13	1	15	5	1	5	1	1	10	3	1	17	3	14	16	3	3	1	3	16	5	1	2	1	14	16	3	11	5	427	13	211	14	17	15	1	13	6	11	242	14	1	1	1	16	3	1	1	3	16	14	14	6	16	15	4	4	13	1	7	1	1	6	10	17	16	3	1	7	1	13	14	15	1	1	14	13	3	13	16	8	14	5	3	9	7	3	1	5	1	1	3	15	15	17	13	14	15	8	10	79	3	1	15	3	188	15	17	15	16	11	13	4	14	15	7	4	1	1	77	16	1	1	1	1	1	14	15	13	16	8	5	1	122	1	6	1	3	1	1	1	1	1	7	17	16	11	3	116	17	1	15	1	17	1	8	1	1	3	50	3	16	6	0	78	63	365	1	1	3	10	61	14	3	15	1	12	13	14	1	16	14	2	17	1	11	17	1	16	10	16	16	1	16	3	15	13	11	3	15	1	6	16	3	6	9	9	5	3	3	3	1	1	5	15	17	16	14	0	13	17	2	11	1	15	6	15	12	14	7	12	3	14	13	5	16	101	16	12	15	13	1	11	1	6	2	1	11	28	12	87	1	14	1	300	8	13	14	8	16	11	1	17	17	9
PAO1.fasta	1	1	1	102	1	1	1	1	173	1	1	1	1	1	215	1	1	1	1	1	1	1	1	1	1	1	1	1	1	1	1	1	1	1	1	1	1	1	1	1	1	1	1	1	1	1	1	1	1	1	1	1	1	1	1	1	1	1	1	1	1	1	1	1	1	1	1	1	1	1	1	1	1	1	1	1	1	1	1	1	1	1	1	1	1	1	1	1	536	1	1	1	1	1	1	1	1	1	1	1	1	1	1	1	1	1	1	1	1	1	1	1	1	1	1	1	1	1	1	430	1	1	1	1	1	1	1	1	1	1	1	1	1	1	1	1	1	1	1	1	1	1	1	1	1	1	1	1	1	1	1	1	1	1	1	1	1	1	1	1	1	1	1	1	1	1	1	1	1	1	1	1	1	1	1	1	1	1	1	1	1	1	1	1	1	1	1	1	1	1	1	1	1	1	1	188	1	1	1	1	1	1	1	1	1	1	1	1	1	77	1	1	1	1	1	1	1	1	1	1	1	1	1	1	1	1	1	1	1	1	1	1	1	1	1	1	1	1	120	1	1	1	1	1	1	1	1	1	1	1	1	1	1	1	1	1	368	1	1	1	1	1	1	1	1	1	1	1	1	1	1	1	1	1	1	1	1	1	1	1	1	1	1	1	1	1	1	1	1	1	1	1	1	1	1	1	1	1	1	1	1	1	1	1	1	1	1	1	343	1	1	1	1	1	1	1	1	1	1	1	1	1	1	1	1	1	116	1	1	1	1	1	1	1	1	1	1	1	1	1	1	1	1	1	301	1	1	1	1	1	1	1	1	1	1
