FILE	GCF-000014625-protein2404.fasta	GCF-000017205-protein6864.fasta	GCF-000017205-protein7197.fasta	GCF-000017205-protein7454.fasta	GCF-000026645-protein1182.fasta	GCF-000026645-protein1233.fasta	GCF-000026645-protein133.fasta	GCF-000026645-protein1519.fasta	GCF-000026645-protein1533.fasta	GCF-000026645-protein2286.fasta	GCF-000026645-protein3824.fasta	GCF-000026645-protein3874.fasta	GCF-000026645-protein3880.fasta	GCF-000026645-protein5068.fasta	GCF-000026645-protein5223.fasta	GCF-000226155-protein11438.fasta	GCF-000359505-protein9057.fasta	GCF-000473745-protein10039.fasta	GCF-000473745-protein6201.fasta	GCF-000473745-protein6977.fasta	GCF-000496455-protein2986.fasta	GCF-000496455-protein5550.fasta	GCF-000496455-protein5797.fasta	GCF-000496455-protein6165.fasta	GCF-000496455-protein692.fasta	GCF-000496605-protein8135.fasta	GCF-000508765-protein1915.fasta	GCF-000508765-protein2132.fasta	GCF-000508765-protein318.fasta	GCF-000508765-protein4577.fasta	GCF-000508765-protein5344.fasta	GCF-000508765-protein5742.fasta	GCF-000510305-protein6342.fasta	GCF-000524595-protein113.fasta	GCF-000816985-protein5652.fasta	GCF-000816985-protein5655.fasta	GCF-000829885-protein10698.fasta	GCF-000829885-protein10718.fasta	GCF-000829885-protein11894.fasta	GCF-000829885-protein6878.fasta	GCF-000829885-protein7442.fasta	GCF-000829885-protein7667.fasta	GCF-000829885-protein8959.fasta	GCF-000829885-protein9685.fasta	GCF-001045685-protein11043.fasta	GCF-001045685-protein11240.fasta	GCF-001045685-protein7224.fasta	GCF-001045685-protein9423.fasta	GCF-001077475-protein2964.fasta	GCF-001293085-protein11224.fasta	GCF-001293085-protein8004.fasta	GCF-001447845-protein1257.fasta	GCF-001447845-protein1625.fasta	GCF-001447845-protein2373.fasta	GCF-001447845-protein3048.fasta	GCF-001447845-protein3794.fasta	GCF-001447845-protein4600.fasta	GCF-001482325-protein3186.fasta	GCF-001482325-protein619.fasta	GCF-001516005-protein6724.fasta	GCF-001516005-protein8976.fasta	GCF-001516105-protein3600.fasta	GCF-001516165-protein10447.fasta	GCF-001516305-protein11797.fasta	GCF-001516365-protein3705.fasta	GCF-001516365-protein3948.fasta	GCF-001516365-protein5645.fasta	GCF-001542835-protein2318.fasta	GCF-001548135-protein5322.fasta	GCF-001548135-protein614.fasta	GCF-001548335-protein11219.fasta	GCF-001548335-protein11620.fasta	GCF-001632245-protein6333.fasta	GCF-001679685-protein3769.fasta	GCF-001721745-protein2338.fasta	GCF-001729505-protein10585.fasta	GCF-001729505-protein10903.fasta	GCF-001729505-protein11164.fasta	GCF-001729505-protein11377.fasta	GCF-001729505-protein6042.fasta	GCF-001729505-protein6853.fasta	GCF-001729505-protein7221.fasta	GCF-001729505-protein8364.fasta	GCF-001900195-protein11397.fasta	GCF-001900195-protein5958.fasta	GCF-002192475-protein12513.fasta	GCF-002208645-protein4599.fasta	GCF-002215345-protein7536.fasta	GCF-002215345-protein8231.fasta	GCF-002215345-protein8417.fasta	GCF-002287725-protein12182.fasta	GCF-002287725-protein12184.fasta	GCF-002411865-protein1192.fasta	GCF-002411865-protein1346.fasta	GCF-002411865-protein1993.fasta	GCF-002411865-protein5482.fasta	GCF-002442855-protein7065.fasta	GCF-002812865-protein11282.fasta	GCF-002812865-protein11394.fasta	GCF-002946935-protein11484.fasta	GCF-002946935-protein7512.fasta	GCF-002968515-protein4023.fasta	GCF-002968515-protein819.fasta	GCF-002968655-protein1196.fasta	GCF-002968655-protein4161.fasta	GCF-002968695-protein10461.fasta	GCF-002968695-protein10723.fasta	GCF-002968695-protein10800.fasta	GCF-002968695-protein10969.fasta	GCF-002968695-protein10990.fasta	GCF-002968695-protein11098.fasta	GCF-002968695-protein11100.fasta	GCF-002968695-protein11215.fasta	GCF-002968695-protein11219.fasta	GCF-002968695-protein11858.fasta	GCF-002968695-protein12123.fasta	GCF-002968695-protein12526.fasta	GCF-002968695-protein12697.fasta	GCF-002968695-protein12885.fasta	GCF-002968695-protein12907.fasta	GCF-002968695-protein12953.fasta	GCF-002968695-protein6689.fasta	GCF-002968695-protein6695.fasta	GCF-002968695-protein6704.fasta	GCF-002968695-protein6752.fasta	GCF-002968695-protein6779.fasta	GCF-002968695-protein6782.fasta	GCF-002968695-protein6976.fasta	GCF-002968695-protein7071.fasta	GCF-002968695-protein7176.fasta	GCF-002968695-protein7745.fasta	GCF-002968695-protein7763.fasta	GCF-002968695-protein7839.fasta	GCF-002968695-protein8011.fasta	GCF-002968695-protein8867.fasta	GCF-002968695-protein9034.fasta	GCF-002968695-protein9446.fasta	GCF-002968695-protein9738.fasta	GCF-002968695-protein9891.fasta	GCF-002968755-protein1116.fasta	GCF-002968755-protein1117.fasta	GCF-002968755-protein1118.fasta	GCF-002968755-protein1271.fasta	GCF-002968755-protein1509.fasta	GCF-002968755-protein1693.fasta	GCF-002968755-protein1783.fasta	GCF-002968755-protein1796.fasta	GCF-002968755-protein1805.fasta	GCF-002968755-protein1806.fasta	GCF-002968755-protein1807.fasta	GCF-002968755-protein1820.fasta	GCF-002968755-protein1823.fasta	GCF-002968755-protein1837.fasta	GCF-002968755-protein1842.fasta	GCF-002968755-protein1843.fasta	GCF-002968755-protein21.fasta	GCF-002968755-protein2151.fasta	GCF-002968755-protein2256.fasta	GCF-002968755-protein2262.fasta	GCF-002968755-protein2300.fasta	GCF-002968755-protein242.fasta	GCF-002968755-protein2447.fasta	GCF-002968755-protein2562.fasta	GCF-002968755-protein274.fasta	GCF-002968755-protein2901.fasta	GCF-002968755-protein3147.fasta	GCF-002968755-protein3488.fasta	GCF-002968755-protein3503.fasta	GCF-002968755-protein3531.fasta	GCF-002968755-protein3532.fasta	GCF-002968755-protein3556.fasta	GCF-002968755-protein366.fasta	GCF-002968755-protein368.fasta	GCF-002968755-protein379.fasta	GCF-002968755-protein4360.fasta	GCF-002968755-protein455.fasta	GCF-002968755-protein4621.fasta	GCF-002968755-protein4627.fasta	GCF-002968755-protein4681.fasta	GCF-002968755-protein561.fasta	GCF-002968755-protein5909.fasta	GCF-002968755-protein5934.fasta	GCF-002968755-protein620.fasta	GCF-002968755-protein744.fasta	GCF-002968755-protein782.fasta	GCF-002968755-protein906.fasta	GCF-002968755-protein973.fasta	GCF-002968955-protein6028.fasta	GCF-002968955-protein7523.fasta	GCF-002968955-protein8533.fasta	GCF-002968955-protein8583.fasta	GCF-002968955-protein9946.fasta	GCF-002997005-protein1434.fasta	GCF-002997005-protein1667.fasta	GCF-002997005-protein2700.fasta	GCF-003028335-protein1031.fasta	GCF-003028335-protein1045.fasta	GCF-003028335-protein1111.fasta	GCF-003028335-protein1126.fasta	GCF-003028335-protein1258.fasta	GCF-003028335-protein1267.fasta	GCF-003028335-protein1278.fasta	GCF-003028335-protein1427.fasta	GCF-003028335-protein1429.fasta	GCF-003028335-protein1430.fasta	GCF-003028335-protein1448.fasta	GCF-003028335-protein1461.fasta	GCF-003028335-protein1571.fasta	GCF-003028335-protein1577.fasta	GCF-003028335-protein1833.fasta	GCF-003028335-protein1890.fasta	GCF-003028335-protein1954.fasta	GCF-003028335-protein1958.fasta	GCF-003028335-protein1963.fasta	GCF-003028335-protein1967.fasta	GCF-003028335-protein2061.fasta	GCF-003028335-protein2065.fasta	GCF-003028335-protein2106.fasta	GCF-003028335-protein2108.fasta	GCF-003028335-protein2468.fasta	GCF-003028335-protein2469.fasta	GCF-003028335-protein2472.fasta	GCF-003028335-protein2550.fasta	GCF-003028335-protein2805.fasta	GCF-003028335-protein2810.fasta	GCF-003028335-protein2906.fasta	GCF-003028335-protein2921.fasta	GCF-003028335-protein2923.fasta	GCF-003028335-protein2926.fasta	GCF-003028335-protein2993.fasta	GCF-003028335-protein3004.fasta	GCF-003028335-protein337.fasta	GCF-003028335-protein3617.fasta	GCF-003028335-protein3692.fasta	GCF-003028335-protein3737.fasta	GCF-003028335-protein3741.fasta	GCF-003028335-protein3783.fasta	GCF-003028335-protein3795.fasta	GCF-003028335-protein3799.fasta	GCF-003028335-protein391.fasta	GCF-003028335-protein4.fasta	GCF-003028335-protein4013.fasta	GCF-003028335-protein4049.fasta	GCF-003028335-protein4051.fasta	GCF-003028335-protein4576.fasta	GCF-003028335-protein4579.fasta	GCF-003028335-protein4599.fasta	GCF-003028335-protein4854.fasta	GCF-003028335-protein4858.fasta	GCF-003028335-protein5126.fasta	GCF-003028335-protein5176.fasta	GCF-003028335-protein5193.fasta	GCF-003028335-protein5194.fasta	GCF-003028335-protein5204.fasta	GCF-003028335-protein5211.fasta	GCF-003028335-protein5446.fasta	GCF-003028335-protein5468.fasta	GCF-003028335-protein5509.fasta	GCF-003028335-protein5623.fasta	GCF-003028335-protein5624.fasta	GCF-003028335-protein5777.fasta	GCF-003028335-protein5778.fasta	GCF-003028335-protein5820.fasta	GCF-003028335-protein5924.fasta	GCF-003028335-protein5975.fasta	GCF-003028335-protein5987.fasta	GCF-003028335-protein599.fasta	GCF-003028335-protein5995.fasta	GCF-003028335-protein6072.fasta	GCF-003028335-protein6134.fasta	GCF-003028335-protein6137.fasta	GCF-003028335-protein6228.fasta	GCF-003028335-protein624.fasta	GCF-003028335-protein636.fasta	GCF-003028335-protein6376.fasta	GCF-003028335-protein6379.fasta	GCF-003028335-protein6465.fasta	GCF-003028335-protein655.fasta	GCF-003028335-protein712.fasta	GCF-003028335-protein725.fasta	GCF-003028335-protein730.fasta	GCF-003028335-protein742.fasta	GCF-003028335-protein9.fasta	GCF-003028335-protein998.fasta	GCF-003052005-protein10106.fasta	GCF-003052005-protein10224.fasta	GCF-003052005-protein10923.fasta	GCF-003052005-protein11004.fasta	GCF-003052005-protein11161.fasta	GCF-003052005-protein11498.fasta	GCF-003052005-protein11773.fasta	GCF-003052005-protein12138.fasta	GCF-003052005-protein12186.fasta	GCF-003052005-protein12452.fasta	GCF-003052005-protein12484.fasta	GCF-003052005-protein7089.fasta	GCF-003052005-protein7492.fasta	GCF-003052005-protein9153.fasta	GCF-003060845-protein1300.fasta	GCF-003060845-protein1305.fasta	GCF-003060845-protein1519.fasta	GCF-003060845-protein2374.fasta	GCF-003060845-protein2376.fasta	GCF-003060845-protein2492.fasta	GCF-003060845-protein3147.fasta	GCF-003060845-protein3156.fasta	GCF-003060845-protein4115.fasta	GCF-003060845-protein6307.fasta	GCF-003060845-protein835.fasta	GCF-003073615-protein11406.fasta	GCF-003193645-protein2865.fasta	GCF-003193645-protein4482.fasta	GCF-003288435-protein1485.fasta	GCF-003369735-protein5899.fasta	GCF-003429185-protein5266.fasta	GCF-003433235-protein1293.fasta	GCF-003571505-protein8270.fasta	GCF-900149285-protein582.fasta
CP000438.1.fasta	1	2	2	2	2	2	2	2	2	2	2	2	2	2	2	2	2	2	2	2	2	2	2	2	2	2	2	2	2	2	2	2	2	2	2	2	2	2	2	2	2	2	2	2	2	2	2	2	2	2	2	2	2	2	2	2	2	2	2	2	2	2	2	2	2	1	1	2	2	2	2	2	2	2	2	2	2	2	2	2	2	2	2	2	2	2	2	2	2	2	2	2	2	2	2	2	2	2	2	2	2	2	2	2	1	2	2	2	2	2	2	2	2	2	2	2	2	2	2	2	2	2	2	2	2	2	2	2	2	2	2	2	2	2	2	2	2	2	2	2	2	2	2	2	2	2	2	2	2	2	2	2	2	2	2	2	2	2	2	2	2	2	2	2	2	2	2	2	2	2	2	2	2	2	2	2	2	2	2	2	2	2	2	2	2	2	2	2	2	2	2	2	2	1	2	1	2	2	2	2	2	2	2	2	2	2	2	2	1	2	2	2	2	2	2	2	2	2	2	2	2	2	2	2	2	2	2	1	2	2	2	2	2	2	1	2	2	2	2	2	2	2	2	2	2	2	2	2	2	2	2	1	1	2	2	2	2	2	2	2	2	2	2	2	2	2	2	2	2	2	2	2	2	2	2	2	2	2	2	1	1	1	2	2	2	2	2	2	2	2	2	2	2	2	2	2	2	2	2	2	1	2	2	2	2	2	2	2	2	2	2	2	2	2	2	2	2	2
CP004054.2.fasta	3	10	8	12	7	9	11	11	1	9	8	5	9	9	10	12	9	4	12	10	4	1	1	4	12	1	12	8	1	10	9	4	5	10	1	12	12	12	13	12	7	13	12	11	10	6	6	1	12	1	1	10	11	8	13	11	9	10	2	8	10	12	12	5	8	3	8	11	5	5	7	12	2	13	12	11	12	12	13	5	11	11	13	13	8	11	11	10	10	4	12	10	13	10	13	10	11	11	11	12	11	6	10	11	3	11	5	12	7	12	11	11	8	4	12	11	12	10	13	11	12	4	8	8	12	13	13	5	7	6	2	11	11	12	13	12	5	11	12	11	2	12	4	8	10	5	4	3	2	3	2	4	4	5	2	11	11	2	8	11	2	11	4	6	8	5	5	8	2	5	13	8	12	12	11	2	10	12	6	3	6	13	8	4	4	4	2	8	4	5	8	12	11	1	2	11	6	2	12	4	11	8	1	5	2	10	4	12	1	6	12	11	11	10	11	10	6	5	10	10	4	11	6	12	1	10	8	3	10	4	9	9	4	11	9	10	12	6	11	11	10	10	5	4	4	4	2	10	10	6	9	3	5	9	9	7	11	6	11	11	6	4	8	4	9	9	4	11	4	9	4	5	8	11	8	8	11	1	12	1	4	1	10	4	9	5	7	1	11	4	6	9	8	12	1	11	9	13	13	13	8	9	7	11	13	4	12	12	4	12	5	8	10	12	4	5	13	10
CP004055.1.fasta	3	10	8	12	7	9	11	11	1	9	8	5	9	9	10	12	9	4	12	10	4	1	1	4	12	1	12	8	1	10	9	4	5	10	1	12	12	12	13	0	7	13	12	11	10	6	6	1	12	1	1	10	11	8	13	11	9	10	2	8	10	12	12	5	8	3	8	11	5	5	7	12	2	13	12	11	13	12	13	5	11	11	13	13	8	11	11	10	10	4	12	10	13	10	13	10	11	11	11	12	11	6	10	11	3	11	5	12	7	12	11	11	8	4	12	11	12	10	13	11	12	4	8	8	12	13	13	5	7	6	2	11	11	12	13	12	5	11	12	11	2	12	4	8	10	5	4	3	2	3	2	4	4	5	2	11	11	2	8	11	2	11	4	6	8	5	5	8	2	5	13	8	12	12	11	2	10	12	6	3	6	13	8	4	4	4	2	8	4	5	8	12	11	1	2	11	6	2	12	4	11	8	1	5	2	10	4	12	1	6	12	11	11	10	11	10	6	5	10	10	4	11	6	12	1	10	8	3	10	4	9	9	0	11	9	10	12	6	11	11	10	10	5	4	4	4	2	10	10	6	9	3	5	9	9	7	11	6	11	11	6	4	8	4	9	9	4	11	4	9	4	5	8	11	8	8	11	1	12	1	4	1	10	4	9	5	7	1	11	4	6	9	8	12	1	11	9	13	13	13	8	9	7	11	13	4	12	12	4	12	5	8	10	12	4	5	13	10
CP006245.1.fasta	3	5	7	9	1	5	4	8	1	1	4	5	7	8	5	9	4	10	10	4	1	8	9	9	10	10	9	4	8	9	7	6	4	2	1	10	9	7	10	10	7	10	10	4	8	10	10	1	10	10	10	7	1	4	10	9	8	6	2	5	8	10	10	10	1	8	7	8	9	4	4	10	6	10	10	9	10	10	10	10	8	9	10	10	4	9	9	8	5	4	9	9	10	4	10	1	9	4	9	10	9	4	8	6	3	6	6	10	4	9	10	10	4	5	10	9	9	6	10	9	10	4	4	6	9	10	10	10	6	10	10	6	7	9	10	0	5	9	10	9	2	10	4	4	6	3	4	3	2	6	6	3	4	5	5	8	10	2	4	10	4	9	2	3	5	6	9	5	5	5	10	6	10	10	10	2	7	9	6	2	4	10	5	5	9	8	2	7	3	5	4	9	9	1	2	8	9	1	9	4	9	1	1	5	4	5	5	9	4	1	9	9	8	7	9	9	5	5	4	8	2	6	4	9	1	9	7	3	6	6	4	8	4	9	8	6	9	7	8	9	9	5	5	4	8	5	2	8	4	5	8	1	1	6	6	9	9	8	9	9	7	8	4	7	8	6	6	6	4	5	4	7	6	6	7	4	9	5	9	1	1	4	5	4	4	7	10	1	10	1	5	7	1	5	1	6	4	10	10	10	4	7	5	7	10	8	10	10	4	9	5	7	6	10	9	10	10	6
CP006937.1.fasta	3	3	3	3	1	1	1	1	1	1	1	1	1	1	1	4	4	4	4	4	4	1	4	4	4	4	1	1	1	1	1	1	4	4	1	4	3	4	4	4	1	4	4	4	4	4	4	1	4	4	4	3	4	4	4	4	4	4	2	4	4	4	4	4	1	3	3	4	4	4	4	4	2	4	4	4	4	4	4	4	1	4	4	4	2	4	4	2	4	4	4	4	4	4	4	4	4	4	4	4	4	4	4	4	3	4	4	4	4	4	4	4	4	4	4	4	4	4	4	4	4	4	4	4	4	4	4	4	4	4	4	4	4	4	4	4	4	4	4	4	2	4	4	4	4	7	3	3	2	3	4	3	4	4	2	4	4	2	4	4	4	4	2	3	4	4	4	4	4	4	4	3	4	4	4	2	4	4	3	3	4	4	4	4	4	4	2	4	3	4	4	4	4	1	2	3	4	1	4	4	4	4	1	4	4	4	4	4	3	4	4	4	4	4	4	4	4	4	4	4	2	4	4	4	1	4	4	3	4	4	4	4	4	4	3	4	4	4	4	4	12	4	4	4	4	4	4	4	4	4	4	1	3	4	4	4	4	4	4	4	4	4	4	4	4	4	4	4	4	4	4	4	4	4	4	4	4	1	4	1	1	1	4	1	1	4	4	4	4	4	4	4	1	4	2	4	4	4	4	4	3	4	4	4	4	4	4	4	4	4	4	4	4	4	4	4	4	4
CP006982.1.fasta	3	3	3	3	1	1	1	1	1	1	1	1	1	1	1	4	4	4	4	4	4	1	4	4	4	4	1	1	1	1	1	1	4	4	1	4	3	4	4	4	1	4	4	4	4	4	4	1	4	4	4	3	4	4	4	4	4	0	2	4	4	4	4	4	1	3	3	4	4	4	4	4	2	4	4	4	4	4	50	4	1	4	4	4	2	4	4	2	4	4	4	4	4	4	4	4	4	4	4	4	4	4	4	4	3	4	4	4	4	4	4	4	4	4	4	4	4	4	4	4	4	4	4	4	4	4	4	4	4	4	4	4	4	4	4	4	4	4	4	4	2	4	4	4	4	3	3	3	2	3	4	3	4	4	2	4	4	2	4	4	4	4	2	3	4	4	4	4	4	4	0	3	4	4	4	2	4	4	3	3	4	4	4	4	4	4	2	4	3	4	4	4	4	1	2	3	4	1	4	4	4	4	1	4	4	4	4	4	3	4	4	4	4	4	4	4	4	4	4	4	2	4	4	4	1	4	4	3	4	4	4	4	4	4	3	4	4	4	4	4	12	4	4	4	4	4	4	4	4	4	4	1	3	4	4	4	4	4	4	4	4	4	4	4	4	4	4	4	4	4	4	4	4	4	4	4	4	1	4	1	1	1	4	1	1	4	4	4	4	4	4	4	1	4	2	4	4	4	4	4	3	4	4	4	4	4	4	4	4	4	4	4	4	4	4	4	4	4
CP006983.1.fasta	3	3	3	3	1	1	1	1	1	1	1	1	1	1	1	4	4	4	4	4	4	1	4	4	4	4	1	1	1	1	1	1	4	4	1	4	3	4	4	4	1	4	4	4	4	4	4	1	4	4	4	3	4	4	4	4	4	4	2	4	4	4	4	4	1	3	3	4	4	4	4	4	2	4	4	4	4	4	4	4	1	4	4	4	2	4	4	2	4	4	4	4	4	4	4	4	4	4	4	61	4	4	4	4	3	4	4	4	4	4	4	4	4	4	4	4	4	4	4	4	4	4	4	4	4	4	4	4	4	4	4	4	4	4	4	4	4	4	4	4	2	4	4	4	4	3	3	3	2	3	4	3	4	4	2	4	51	2	4	4	4	4	2	3	4	4	4	4	4	4	4	3	4	4	4	2	4	4	3	3	4	4	4	4	4	4	2	4	3	4	4	4	4	1	2	3	4	1	4	4	4	4	1	4	4	4	4	4	3	4	4	4	4	4	4	4	4	4	4	4	2	4	4	4	1	4	4	3	4	4	4	4	45	4	3	4	4	4	4	4	112	4	4	4	4	4	4	4	4	4	4	1	3	4	4	4	4	4	4	4	4	4	4	4	42	4	4	4	4	4	4	4	4	4	4	4	4	1	4	1	1	1	4	1	1	4	4	4	4	4	4	4	1	4	2	4	4	4	4	4	3	4	4	4	4	4	4	4	4	4	4	4	4	4	4	4	4	4
FM209186.1.fasta	3	3	3	3	1	1	1	1	1	1	1	1	1	1	1	4	4	4	4	4	4	1	4	4	4	4	1	1	1	1	1	1	4	4	1	4	3	4	4	4	1	4	4	4	4	4	4	1	4	4	4	3	4	4	4	4	4	4	2	4	4	4	4	4	1	3	3	4	4	4	4	4	2	4	4	4	4	4	4	4	1	4	4	4	2	4	4	2	4	4	4	4	4	4	4	4	4	4	4	4	4	4	4	4	3	4	4	4	4	4	4	4	4	4	4	4	4	4	4	4	4	4	4	4	4	4	4	4	4	4	4	4	4	4	4	4	4	4	4	4	2	4	4	4	4	3	3	3	2	3	4	3	4	4	2	4	4	2	4	4	4	4	2	3	4	4	4	4	4	4	4	3	4	4	4	2	4	4	3	3	4	4	4	4	4	4	2	4	3	4	4	4	4	1	2	3	4	1	4	4	4	4	1	4	4	4	4	4	3	4	4	4	4	4	4	4	4	4	4	4	2	4	4	4	1	4	4	3	4	4	4	4	4	4	3	4	4	4	4	4	4	4	4	4	4	4	4	4	4	4	4	1	3	4	4	4	4	4	4	4	4	4	4	4	4	4	4	4	4	4	4	4	4	4	4	4	4	1	4	1	1	1	4	1	1	4	4	4	4	4	4	4	1	4	2	4	4	4	4	4	3	4	4	4	4	4	4	4	4	4	4	4	4	4	4	4	4	4
KI914515.1.fasta	28	0	3	26	17	33	0	30	14	4	4	10	4	27	27	26	5	13	27	29	6	1	30	24	0	34	38	4	0	1	7	1	0	0	16	5	38	35	39	10	27	42	38	38	31	31	0	2	14	41	32	0	0	4	10	29	5	16	2	5	0	6	33	35	1	17	16	32	27	0	9	48	0	0	36	32	38	12	6	0	0	15	32	12	0	35	2	0	29	37	30	26	35	4	41	32	0	6	40	12	5	22	4	31	3	25	5	39	4	36	11	40	6	30	0	0	0	0	6	30	103	4	4	12	4	15	27	38	5	4	30	39	6	35	42	15	13	4	34	29	2	33	0	0	0	0	0	0	0	0	0	0	0	0	0	37	0	2	13	29	5	5	9	3	4	9	15	4	5	5	36	4	8	12	5	2	5	38	3	4	12	5	10	4	15	4	2	22	0	24	11	6	6	1	0	0	0	0	0	6	18	23	1	5	14	25	10	12	3	11	36	15	21	9	33	5	15	5	22	39	2	37	6	41	1	17	4	3	6	16	17	0	20	11	3	27	4	6	4	0	0	4	5	9	26	5	19	29	33	14	8	7	1	26	6	7	4	12	32	35	6	6	4	25	18	32	0	7	4	31	1	7	0	0	28	25	41	0	0	0	0	0	0	0	1	1	1	1	1	1	6	1	1	1	1	0	0	1	35	42	17	7	11	31	40	17	32	39	13	10	4	18	6	40	4	7	12	0
NC_003197.2.fasta	207	240	30	328	0	298	47	170	136	0	99	62	105	232	190	296	41	195	202	53	32	60	221	43	401	55	62	36	139	53	158	0	132	25	127	349	311	336	61	228	150	67	299	246	223	229	197	0	195	295	182	30	139	94	225	183	92	139	0	30	167	212	166	65	26	128	0	270	0	211	72	70	23	254	0	244	294	59	45	60	32	0	242	219	81	274	42	52	41	0	48	43	56	42	327	206	341	208	329	0	34	110	148	202	223	48	249	285	0	322	197	431	69	54	261	124	48	104	205	232	389	112	115	78	266	45	227	278	48	129	0	0	182	158	68	68	203	116	57	50	51	221	67	55	165	26	46	80	56	125	88	48	86	111	46	253	163	40	55	228	44	223	53	75	57	0	59	42	71	22	311	0	237	0	169	36	114	252	52	72	37	177	119	122	147	69	66	99	66	142	61	173	150	36	62	144	174	71	213	139	206	145	63	67	0	186	0	30	76	22	60	247	199	176	211	56	72	78	181	339	30	59	0	367	73	179	66	63	96	0	144	115	122	179	152	147	275	82	186	249	388	26	153	29	161	38	143	170	61	72	156	41	40	135	53	192	203	79	189	207	0	0	30	167	133	195	44	195	0	52	39	111	255	284	202	144	295	112	396	30	47	50	143	82	103	154	119	133	54	42	166	269	113	192	0	283	40	228	247	333	100	105	118	188	68	157	206	309	85	215	0	125	40	66	0	37	208	174
NC_008463.1.fasta	1	2	2	2	2	2	2	2	2	2	2	2	2	2	2	2	2	2	2	2	2	2	2	2	2	2	2	2	2	2	2	2	2	2	2	2	2	2	2	2	2	2	2	2	2	2	2	2	2	2	2	2	2	2	2	2	2	2	2	2	2	2	2	2	2	1	1	2	2	2	2	2	2	2	2	2	2	2	2	2	2	2	2	2	2	2	2	2	2	2	2	2	2	2	2	2	2	2	2	2	2	2	2	2	1	2	2	2	2	2	2	2	2	2	2	2	2	2	2	2	2	2	2	2	2	2	2	2	2	2	2	2	2	2	2	2	2	2	2	2	2	2	2	2	2	2	2	2	2	2	2	2	2	2	2	2	2	2	2	2	2	2	2	2	2	2	2	2	2	2	2	2	2	2	2	2	2	2	2	2	2	2	2	2	2	2	2	2	2	2	2	2	2	1	2	1	2	2	2	2	2	2	2	2	2	2	2	2	1	2	2	2	2	2	2	2	2	2	2	2	2	2	2	2	2	2	2	1	2	2	2	2	2	2	1	2	2	2	2	2	2	2	2	2	2	2	2	2	2	2	2	1	1	2	2	2	2	2	2	2	2	2	2	2	2	2	2	2	2	2	2	2	2	2	2	2	2	2	2	1	1	1	2	2	2	2	2	2	2	2	2	2	2	2	2	2	2	2	2	2	1	2	2	2	2	2	2	2	2	2	2	2	2	2	2	2	2	2
NC_009656.1.fasta	2	1	1	1	3	3	3	3	3	3	3	3	3	3	3	3	3	3	3	3	3	3	3	3	3	3	3	0	3	3	3	3	3	3	3	3	0	3	3	3	3	3	3	3	3	3	3	3	3	3	3	0	3	3	3	3	3	3	3	3	3	3	3	3	0	2	2	3	3	3	3	3	3	3	3	3	3	3	3	3	3	3	3	3	3	3	3	3	3	3	3	3	3	3	3	3	3	3	3	3	3	3	3	3	2	3	3	3	3	3	3	3	3	3	3	3	3	3	3	3	3	3	3	3	3	3	3	3	3	3	3	3	3	3	3	3	3	3	3	3	1	3	3	3	3	0	1	1	1	1	3	1	3	3	3	3	3	3	3	3	3	3	3	1	3	3	3	3	3	3	3	1	3	3	3	1	3	3	1	1	3	3	3	3	3	3	3	3	1	3	3	3	3	2	3	2	3	3	3	3	3	3	3	3	3	3	3	3	2	3	3	3	3	3	3	3	3	3	3	3	3	3	3	3	3	3	3	2	3	3	3	3	3	3	2	3	3	3	3	3	3	3	3	3	3	3	3	3	3	3	3	2	2	3	3	3	3	3	3	3	3	3	3	3	3	3	3	3	3	3	3	3	3	3	3	3	3	3	3	2	2	2	3	3	3	3	3	3	3	3	3	3	3	3	3	3	3	3	3	3	2	3	3	3	3	3	3	3	3	3	3	3	3	3	3	3	3	3
NC_011770.1.fasta	3	3	3	3	1	1	1	1	1	1	1	1	1	1	1	4	4	4	4	4	4	1	4	4	4	4	1	1	1	1	1	1	4	4	1	4	3	4	4	4	1	4	4	4	4	4	4	1	4	4	4	3	4	4	4	4	4	4	2	4	4	4	4	4	1	3	3	4	4	4	4	4	2	4	4	4	4	4	4	4	1	4	4	4	2	4	4	2	4	4	4	4	4	4	4	4	4	4	4	4	4	4	4	4	3	4	4	4	4	4	4	4	4	4	4	4	4	4	4	4	4	4	4	4	4	4	4	4	4	4	4	4	4	4	4	4	4	4	4	4	2	4	4	4	4	3	3	3	2	3	4	3	4	4	2	4	4	2	4	4	4	4	2	3	4	4	4	4	4	4	4	3	4	4	4	2	4	4	3	3	4	4	4	4	4	4	2	4	3	4	4	4	4	1	2	3	4	1	4	4	4	4	1	4	4	4	4	4	3	4	4	4	4	4	4	4	4	4	4	4	2	4	4	4	1	4	4	3	4	4	4	4	4	4	3	4	4	4	4	4	4	4	4	4	4	4	4	4	4	4	4	1	3	4	4	4	4	4	4	4	4	4	4	4	4	4	4	4	4	4	4	4	4	4	4	4	4	1	4	1	1	1	4	1	1	4	4	4	4	4	4	4	1	4	2	4	4	4	4	4	3	4	4	4	4	4	4	4	4	4	4	4	4	4	4	4	4	4
NC_017548.1.fasta	1	2	2	2	2	2	2	2	2	2	2	2	2	2	2	2	2	2	2	2	2	2	2	2	2	2	2	2	2	2	2	2	2	2	2	2	2	2	2	2	2	2	2	2	2	2	2	2	2	2	2	2	2	2	2	2	2	2	2	2	2	2	2	2	2	1	1	2	2	2	2	2	2	2	2	2	2	2	2	2	2	2	2	2	2	2	2	2	2	2	2	2	2	2	2	2	2	2	2	2	2	2	2	2	1	2	2	2	2	2	2	2	2	2	2	2	2	2	2	2	2	2	2	2	2	2	2	2	2	2	2	2	2	2	2	2	2	2	2	2	2	2	2	2	2	2	2	2	2	2	2	2	2	2	2	2	2	2	2	2	2	2	2	2	2	2	2	2	2	2	2	2	2	2	2	2	2	2	2	2	2	2	2	2	2	2	2	2	2	2	2	2	2	1	2	1	2	2	2	2	2	2	2	2	2	2	2	2	1	2	2	2	2	2	2	2	2	2	2	2	2	2	2	2	2	2	2	1	2	2	2	2	2	2	1	2	2	2	2	2	2	2	2	2	2	2	2	2	2	2	2	1	1	2	2	2	2	2	2	2	2	2	2	2	2	2	2	2	2	2	2	2	2	2	2	2	2	2	2	1	1	1	2	2	2	2	2	2	2	2	2	2	2	2	2	2	2	2	2	2	1	2	2	2	2	2	2	2	2	2	2	2	2	2	2	2	2	2
NC_017549.1.fasta	29	27	3	38	1	1	5	31	23	20	20	6	18	5	5	25	5	28	4	6	5	4	17	6	14	36	5	4	1	6	1	4	5	17	17	31	41	23	6	37	31	44	6	24	6	6	6	1	36	43	35	12	7	4	36	19	5	6	2	4	26	6	33	25	4	20	29	8	29	14	14	30	6	36	20	34	40	4	20	23	1	33	34	1	1	6	16	35	28	4	6	6	37	10	44	14	13	19	29	17	21	16	12	6	28	4	5	23	4	39	14	43	4	31	6	5	14	21	6	6	45	18	9	12	37	20	35	6	5	6	31	6	30	38	45	44	32	6	7	6	2	6	4	4	4	17	4	3	2	5	8	3	13	4	2	40	26	2	4	10	5	31	2	14	5	6	6	4	5	5	40	2	32	10	13	2	9	41	4	2	4	5	5	4	5	4	2	8	3	5	6	7	6	1	2	15	17	1	35	6	6	6	5	5	7	28	10	11	13	4	36	17	36	29	36	6	6	6	6	42	2	5	4	44	1	4	4	7	6	11	4	5	4	19	5	28	38	14	5	6	25	4	6	4	5	23	21	1	36	14	8	1	1	6	13	10	4	6	6	38	5	6	6	5	4	6	6	33	4	5	4	6	11	6	5	1	6	5	6	1	1	1	4	4	10	15	7	1	15	5	26	5	1	6	2	6	9	41	38	45	10	4	7	14	10	15	15	42	4	6	5	6	26	21	23	5	6	32
NC_020912.1.fasta	6	6	5	6	5	4	6	1	1	6	5	5	4	5	6	6	6	7	7	7	6	4	1	4	7	7	6	4	1	6	1	2	6	7	5	7	6	7	7	7	1	7	7	7	6	7	7	5	7	7	7	4	7	5	7	6	2	6	2	6	6	7	7	7	1	6	4	5	1	1	4	7	4	7	7	5	7	7	7	7	5	6	7	7	6	6	4	5	7	6	5	5	7	7	7	7	6	6	7	7	5	6	4	7	4	7	6	7	4	6	7	7	6	6	7	5	6	7	7	6	7	4	4	2	7	7	7	7	5	7	7	7	7	6	7	7	7	6	7	7	2	7	4	4	7	2	6	3	2	6	6	3	4	5	2	5	7	2	5	7	4	7	2	3	5	6	2	4	5	5	7	5	7	7	7	2	6	6	5	5	6	7	6	4	6	4	2	5	4	6	6	7	6	4	2	6	7	1	7	4	7	6	1	5	4	7	4	7	5	5	7	7	6	4	7	7	5	5	5	4	4	7	4	7	5	7	4	4	5	6	6	5	4	7	6	6	7	6	5	7	7	7	7	5	6	6	6	6	7	2	5	1	1	7	6	7	7	7	7	7	6	7	4	5	6	4	7	7	4	6	4	7	5	7	4	1	7	6	7	1	1	1	7	1	5	4	7	5	7	1	6	5	1	7	2	7	5	7	7	7	4	7	7	7	7	5	7	7	4	6	5	6	6	7	7	7	7	5
NC_021577.1.fasta	8	8	7	8	7	7	8	7	6	8	7	5	6	7	8	8	1	9	9	9	7	7	8	8	9	9	8	6	7	8	6	5	8	9	7	9	8	9	9	9	6	9	9	9	2	9	9	7	9	9	9	6	9	7	9	8	7	8	6	7	7	9	9	9	6	7	6	7	8	7	6	9	2	9	9	8	9	9	9	9	7	8	9	9	5	8	8	7	9	8	8	8	9	9	9	9	8	8	8	9	8	8	7	9	6	9	8	9	4	8	9	9	7	8	9	8	8	8	9	8	9	7	7	2	2	9	9	9	2	9	9	9	7	8	9	9	9	8	9	8	3	9	7	7	9	2	4	3	2	8	2	2	2	2	2	7	9	4	7	9	4	7	2	4	6	2	8	7	2	7	9	2	9	9	9	2	2	8	2	2	8	9	7	8	8	7	4	6	4	2	7	8	8	1	2	7	8	4	8	7	8	7	4	7	6	8	7	8	6	2	8	8	7	6	8	8	7	5	7	7	4	8	1	8	1	8	2	3	7	7	7	7	6	8	7	7	8	1	7	8	8	8	8	2	7	7	7	7	8	4	7	1	1	8	7	8	8	5	8	8	6	4	7	6	7	7	8	8	6	7	5	8	7	8	6	6	8	7	8	1	1	5	8	5	7	5	9	7	9	7	8	5	5	9	6	9	7	9	9	9	6	5	9	9	9	7	9	9	7	8	5	4	8	9	2	9	9	8
NC_022361.1.fasta	27	4	3	35	9	19	27	29	1	1	4	1	4	5	21	37	7	4	4	16	0	7	1	17	39	33	15	4	5	30	18	4	5	14	4	37	37	34	38	23	1	40	37	20	8	30	26	1	34	40	23	1	4	12	34	28	5	16	10	1	6	4	15	59	3	13	3	31	26	17	9	41	6	24	35	1	1	1	1	1	1	1	1	22	5	34	25	32	5	19	29	25	7	23	39	1	37	4	63	4	2	18	22	17	3	10	35	38	14	24	1	39	15	10	19	5	30	7	16	37	41	13	4	15	34	15	33	37	5	7	29	38	23	34	41	41	31	9	10	19	2	21	4	4	23	2	4	7	11	14	4	3	4	17	9	36	15	2	8	4	4	29	2	3	5	17	14	4	11	5	35	3	31	34	13	2	7	37	15	4	20	28	2	4	11	4	2	8	4	4	11	20	14	4	10	15	6	9	34	4	30	15	5	9	4	5	24	11	4	4	22	33	34	22	5	4	6	5	30	37	2	36	4	40	1	5	6	3	5	16	4	22	19	11	17	26	35	6	29	34	42	5	9	9	8	5	6	4	6	4	12	1	1	25	11	19	4	12	31	34	7	8	17	5	17	28	13	5	4	5	4	22	5	35	7	24	25	16	39	1	1	1	4	4	38	22	18	1	34	13	24	4	1	28	1	38	4	38	5	41	4	7	22	7	39	1	31	38	12	11	5	5	6	38	30	5	29	30
NC_022594.1.fasta	27	4	3	35	9	19	27	29	1	1	4	1	4	5	21	37	7	4	4	16	4	7	1	17	39	33	15	4	5	30	18	4	5	14	4	37	37	34	38	75	1	40	37	20	8	30	26	1	34	40	23	1	4	12	34	28	5	16	10	1	6	4	15	59	3	13	3	31	26	17	9	41	6	24	35	1	1	1	1	1	1	1	1	22	5	34	25	32	5	19	29	25	7	23	39	1	37	4	63	4	2	18	22	17	3	10	35	38	14	24	1	39	15	10	19	5	30	7	16	37	41	13	4	15	34	15	33	37	5	7	29	38	23	34	41	41	31	9	10	19	2	21	4	4	23	2	4	7	11	14	4	3	4	17	9	36	15	2	8	4	4	29	2	3	5	17	14	4	11	5	35	3	31	34	13	2	7	37	15	4	20	28	2	4	11	4	2	8	4	4	11	20	14	4	10	15	6	9	34	4	30	15	5	9	4	5	24	11	4	4	22	33	34	22	5	4	6	5	30	37	2	36	4	40	1	5	6	3	5	16	4	22	19	11	17	26	35	6	29	34	42	5	9	9	8	5	6	4	6	4	12	1	1	25	11	19	4	12	31	34	7	8	17	5	17	28	13	5	4	5	4	22	5	35	7	24	25	16	39	1	1	1	4	4	19	22	18	1	34	13	24	4	1	28	1	38	4	38	5	41	4	7	22	7	39	1	31	38	12	11	5	5	6	38	30	5	29	30
NC_022806.1.fasta	3	10	8	12	7	9	11	11	1	9	8	5	9	9	10	12	9	4	12	10	4	1	1	4	12	1	12	8	1	10	9	4	5	10	1	12	12	12	13	0	7	13	12	11	10	6	6	1	12	1	1	10	11	8	13	11	9	10	2	8	10	12	12	5	8	3	8	11	5	5	7	12	2	13	12	11	13	12	13	5	11	11	13	13	8	11	11	10	10	4	12	10	13	10	13	10	11	11	11	12	11	6	10	11	3	11	5	12	7	12	11	11	8	4	12	11	12	10	13	11	12	4	8	8	12	13	13	5	7	6	2	11	11	12	13	12	5	11	12	11	2	12	4	8	10	5	4	3	2	3	2	4	4	5	2	11	11	2	8	11	2	11	4	6	8	5	5	8	2	5	13	8	12	12	11	2	10	12	6	3	6	13	8	4	4	4	2	8	4	5	8	12	11	1	2	11	6	2	12	4	11	8	1	5	2	10	4	12	1	6	12	11	11	10	11	10	6	5	10	10	4	11	6	12	1	10	8	3	10	4	9	9	0	11	9	10	12	6	11	11	10	10	5	4	4	4	2	10	10	6	9	3	5	9	9	7	11	6	11	11	6	4	8	4	9	9	4	11	4	9	4	5	8	11	8	8	11	1	12	1	4	1	10	4	9	5	7	1	11	4	6	9	8	12	1	11	9	13	13	13	8	9	7	11	13	4	12	12	4	12	5	8	10	12	4	5	13	10
NC_022808.2.fasta	28	35	3	26	16	33	4	30	14	4	4	10	4	27	27	26	5	13	27	29	6	1	30	24	40	34	38	4	15	1	7	1	24	14	16	5	38	35	39	10	27	42	38	34	31	31	12	2	14	41	32	1	2	4	10	29	5	16	2	5	25	6	33	35	1	17	16	32	27	26	9	42	9	28	36	32	38	12	6	10	4	15	32	12	6	35	2	32	29	10	30	26	35	4	41	32	38	6	40	12	5	22	4	31	3	25	5	39	4	36	11	40	6	30	33	11	15	19	6	30	42	4	4	12	4	15	27	38	5	4	30	39	6	35	42	15	13	4	34	29	2	33	4	8	4	2	6	16	2	12	4	4	12	12	10	37	12	2	13	29	5	5	9	3	4	9	15	4	5	5	36	4	8	12	5	2	5	38	3	4	12	5	10	4	15	4	2	22	4	24	11	6	6	1	2	15	6	8	25	6	18	23	1	5	14	25	10	12	3	11	36	15	21	9	33	5	15	5	22	39	2	37	6	41	1	17	4	3	6	16	17	5	20	11	3	27	4	6	4	15	43	4	5	9	26	5	19	29	33	14	8	7	1	26	6	7	4	12	32	35	6	6	4	25	18	32	29	7	4	31	1	7	12	36	28	25	41	16	40	1	1	1	4	11	1	1	1	1	1	1	6	1	1	1	1	1	1	1	35	42	17	7	11	31	40	17	32	39	13	10	4	18	6	40	4	7	30	17
NC_023066.1.fasta	11	13	3	15	1	12	4	11	10	10	11	4	9	11	13	15	8	4	7	13	8	1	11	1	15	6	15	4	1	12	1	4	5	1	1	15	12	7	16	15	1	16	15	14	13	14	6	11	15	1	4	1	13	4	10	13	5	5	11	5	1	15	15	4	1	10	11	8	5	12	9	15	2	16	15	14	16	10	16	15	1	14	1	12	2	14	2	12	12	4	5	14	16	7	16	13	14	13	14	4	9	12	4	14	4	13	12	15	5	4	14	14	1	12	14	11	9	5	16	13	15	4	2	10	15	16	16	15	9	13	7	6	14	1	16	15	11	1	1	11	6	12	10	4	4	3	8	2	2	11	4	4	4	5	2	14	13	2	9	14	4	14	2	3	4	7	6	9	5	5	15	2	15	10	5	2	5	15	7	2	4	5	8	13	13	4	2	11	3	2	5	15	6	1	2	14	12	6	14	4	14	9	1	5	4	13	11	7	3	4	15	14	14	13	14	4	6	5	5	13	2	14	10	15	1	10	11	6	6	6	11	11	4	13	11	6	15	5	13	14	14	11	11	9	11	10	4	12	6	4	12	1	1	10	11	12	14	7	14	13	5	12	6	10	9	12	12	11	9	12	7	7	11	13	4	11	14	11	14	1	1	1	13	4	4	4	7	10	14	1	12	12	1	15	1	14	11	15	16	16	4	7	11	14	16	11	10	15	4	15	5	10	13	15	12	5	6	13
NZ_AP017302.1.fasta	23	30	12	32	14	29	24	1	18	17	17	5	9	22	2	32	22	4	23	25	14	6	25	9	33	29	33	24	17	26	5	13	19	11	2	33	32	29	35	32	25	36	32	30	27	26	24	19	32	36	2	21	10	16	29	25	14	22	9	14	22	23	28	30	9	5	22	27	22	2	1	1	5	32	30	28	33	28	30	29	18	29	29	26	5	29	22	27	8	5	25	19	30	22	34	28	32	25	34	27	2	21	18	28	25	21	8	34	2	31	26	34	7	26	32	7	27	17	29	30	36	16	12	2	29	28	29	33	2	12	2	32	26	29	36	35	28	19	30	25	2	28	17	2	25	5	4	3	2	2	2	3	4	7	6	30	20	7	6	25	4	2	2	12	4	2	5	4	2	11	31	2	27	30	28	2	16	33	6	2	7	24	18	23	25	7	8	20	3	20	7	28	19	1	1	26	7	2	29	20	25	21	1	7	10	22	21	8	9	2	32	30	7	2	29	28	2	5	25	32	2	32	17	34	1	24	2	5	2	18	20	18	16	24	10	22	31	1	26	29	37	17	24	6	22	10	2	26	28	2	19	1	1	21	28	25	28	1	28	30	1	20	1	21	1	28	25	8	17	27	5	18	7	30	23	19	36	1	34	1	1	1	21	6	2	21	24	19	29	19	20	28	15	25	2	35	20	32	30	36	1	5	19	12	34	27	2	34	7	31	5	4	11	33	26	23	24	26
NZ_CP006722.1.fasta	208	241	27	329	79	300	48	171	137	33	100	64	106	234	191	298	43	196	203	54	34	61	222	44	403	57	63	37	140	55	159	91	133	26	128	350	312	333	62	229	151	68	300	247	224	230	198	93	196	297	183	31	140	95	226	184	93	140	68	31	169	213	167	66	27	129	193	271	141	212	73	71	24	256	214	245	295	60	46	62	34	204	243	220	82	275	43	53	42	129	49	45	58	43	328	207	342	209	330	190	35	111	149	203	224	45	250	286	125	323	198	428	70	56	262	122	50	105	206	233	390	113	116	79	268	46	228	279	49	127	177	337	183	159	70	70	204	117	59	51	52	222	68	56	166	27	47	81	57	126	89	49	87	112	47	255	164	41	56	229	45	225	54	76	58	73	61	43	72	23	313	45	0	59	170	34	115	253	53	73	34	178	120	123	148	70	63	100	67	139	62	174	151	37	63	145	175	68	214	141	207	146	64	68	81	188	42	31	77	24	61	248	200	178	213	58	73	79	182	340	31	61	28	368	74	180	67	64	97	103	145	116	123	180	153	148	276	83	187	250	389	27	154	30	162	39	140	167	63	73	157	42	41	137	50	193	204	80	186	208	90	131	31	168	134	196	45	197	157	54	40	112	256	285	203	145	292	113	397	31	48	51	144	83	104	155	120	134	55	43	164	270	114	193	72	284	41	230	249	335	101	106	119	189	70	158	207	310	86	216	43	126	41	67	195	39	209	175
NZ_CP007147.1.fasta	12	15	3	17	5	14	15	15	11	1	4	5	11	13	14	14	5	15	14	6	1	1	4	11	17	6	17	12	12	4	1	1	4	12	1	1	16	14	18	17	13	18	17	16	15	6	12	12	17	16	14	1	1	4	17	1	5	4	2	4	6	10	16	15	10	5	13	5	9	13	10	17	2	18	17	16	18	15	18	17	13	16	17	12	2	16	14	13	14	4	15	13	18	5	18	14	15	4	16	14	9	4	4	16	10	13	14	17	4	6	14	16	4	14	15	10	14	13	18	15	17	9	7	4	17	8	17	17	10	15	7	15	16	11	18	17	14	13	16	15	2	16	12	9	12	4	6	3	2	12	9	4	4	5	4	16	8	2	4	15	4	16	6	3	9	9	9	4	9	5	17	2	16	15	14	2	5	17	3	2	11	16	5	4	14	11	2	4	5	8	11	17	6	1	2	15	14	1	15	7	15	10	5	5	7	14	12	15	3	4	17	16	16	4	16	13	9	5	4	12	2	16	11	17	1	13	4	3	4	6	13	5	10	14	4	12	4	1	15	16	16	0	9	4	5	11	9	14	14	2	5	1	4	11	13	7	16	9	15	15	10	4	8	5	4	14	7	15	7	14	4	7	12	6	10	1	16	5	16	1	1	1	7	1	11	10	14	1	16	1	4	13	11	6	2	16	13	17	17	18	4	4	12	16	17	13	16	17	4	16	5	4	14	17	4	5	16	14
NZ_CP007399.1.fasta	3	4	3	20	5	11	4	18	13	1	7	5	4	16	5	19	14	18	16	16	6	1	14	15	1	15	21	14	4	15	1	9	13	6	1	1	4	17	21	5	15	21	20	18	4	6	16	13	20	20	17	1	1	1	1	1	1	14	2	1	6	16	15	5	2	3	16	16	14	17	4	22	2	21	21	20	22	19	20	21	14	18	20	4	12	18	9	16	15	4	5	13	21	13	21	16	19	13	20	5	5	6	4	16	14	9	18	7	7	17	4	20	4	18	18	11	11	5	20	15	21	4	4	11	20	10	18	20	10	2	15	15	7	19	21	20	13	5	18	17	7	19	4	4	15	4	4	3	2	3	4	3	2	9	5	5	8	2	4	4	5	5	2	3	11	6	5	4	11	5	21	2	19	19	17	2	9	6	3	2	4	5	2	4	16	4	5	4	3	10	6	20	6	1	5	18	6	2	18	4	13	10	1	5	4	5	14	14	9	4	21	4	18	4	4	0	5	5	15	17	4	20	13	22	1	4	5	8	6	6	6	14	12	13	4	16	19	13	17	18	20	12	15	9	15	4	1	4	17	2	14	1	7	4	16	17	18	10	6	7	1	15	9	13	5	18	7	19	7	18	4	13	12	17	4	1	20	5	20	1	1	7	4	1	8	4	16	1	20	1	15	4	1	17	1	20	1	20	20	22	13	4	5	19	21	13	10	21	5	21	5	11	6	21	4	5	17	12
NZ_CP008739.1.fasta	3	5	7	9	1	5	4	8	1	1	4	5	7	8	5	9	4	10	10	4	1	8	9	9	10	10	9	4	8	9	7	6	4	2	1	10	9	7	10	10	7	10	10	4	8	10	10	1	10	10	10	7	1	4	10	9	8	6	2	5	8	10	10	10	1	8	7	8	9	4	4	10	6	10	10	9	10	10	10	10	8	9	10	10	4	9	9	8	5	4	9	9	10	4	10	1	9	4	9	10	9	4	8	6	3	6	6	10	4	9	10	10	4	5	10	9	9	6	10	9	10	4	4	6	9	10	10	10	6	10	10	6	7	9	10	0	5	9	10	9	2	10	4	4	6	3	4	3	2	6	6	3	4	5	5	8	10	2	4	10	4	9	2	3	5	6	9	5	5	5	10	6	10	10	10	2	7	9	6	2	4	10	5	5	9	8	2	7	3	5	4	9	9	1	2	8	9	1	9	4	9	1	1	5	4	5	5	9	4	1	9	9	8	7	9	9	5	5	4	8	2	6	4	9	1	9	7	3	6	6	4	8	4	9	8	6	9	7	8	9	9	5	5	4	8	5	2	8	4	5	8	1	1	6	6	9	9	8	9	9	7	8	4	7	8	6	6	6	4	5	4	7	6	6	7	4	9	5	9	1	1	4	5	4	4	7	10	1	10	1	5	7	1	5	1	6	4	10	10	10	4	7	5	7	10	8	10	10	4	9	5	7	6	10	9	10	10	6
NZ_CP008749.1.fasta	4	0	3	22	1	0	17	13	1	1	4	0	9	11	0	21	0	4	70	14	10	10	0	4	120	17	15	0	5	16	1	1	5	27	0	110	0	0	23	20	1	0	0	21	4	0	12	14	0	0	19	1	4	4	0	15	5	5	2	12	0	10	0	0	10	3	3	18	9	0	4	0	6	21	22	6	0	0	0	0	35	20	1	19	11	20	0	18	5	4	42	13	22	14	0	1	0	6	0	17	9	16	4	10	16	16	0	108	4	0	0	0	6	0	0	5	0	0	0	0	23	4	0	11	0	10	15	0	5	17	7	19	0	21	71	6	0	0	20	0	2	20	4	4	16	3	4	8	2	14	4	3	0	11	2	0	8	2	0	16	5	77	7	3	5	7	9	5	5	5	15	2	6	10	29	2	12	0	8	0	0	0	14	0	4	4	2	8	0	11	6	17	4	1	2	4	65	0	11	14	18	15	5	5	7	18	43	12	10	4	0	0	0	16	0	16	5	5	17	0	2	22	4	5	1	6	12	3	13	13	4	14	4	5	0	6	4	6	0	19	0	1	16	11	5	0	12	18	0	11	0	1	1	0	0	15	4	12	19	0	6	21	8	0	4	20	0	0	4	5	4	7	12	98	7	13	0	15	0	1	1	1	6	1	1	4	7	0	22	0	4	17	1	6	1	0	42	22	21	0	4	11	12	77	23	1	10	0	4	0	5	56	0	0	17	17	6	0
NZ_CP008868.1.fasta	9	2	8	36	18	34	28	12	21	19	7	5	18	28	24	38	7	27	28	30	13	7	31	25	41	35	39	9	9	31	19	2	25	17	7	38	39	36	40	36	30	43	39	35	32	32	27	19	8	42	33	11	21	19	35	30	16	26	16	17	24	28	8	36	9	6	27	33	28	21	1	43	11	35	34	33	2	32	34	34	20	12	33	30	6	36	26	33	26	20	31	27	36	9	42	33	39	28	15	31	20	23	21	1	1	26	36	9	15	37	31	41	7	0	37	19	31	20	8	38	43	16	16	21	35	33	14	39	2	20	2	2	29	36	43	42	13	22	35	30	2	34	2	8	24	15	10	15	10	2	2	3	4	19	2	38	25	2	2	30	4	30	10	11	13	2	5	2	8	12	38	2	29	35	33	2	22	39	16	2	21	29	20	5	22	7	2	23	10	22	11	32	20	5	11	29	22	10	2	1	31	24	7	11	2	26	2	5	1	12	37	34	35	2	34	32	2	5	11	40	2	38	7	42	1	28	9	5	22	2	2	23	21	28	25	7	36	4	30	35	44	18	28	12	27	10	15	30	34	4	23	1	1	2	28	24	32	18	8	36	1	24	18	26	1	28	26	31	22	2	1	1	29	37	29	26	42	20	41	1	1	1	7	6	2	23	27	2	35	23	23	33	5	29	2	39	25	39	36	43	9	13	23	32	41	11	33	40	14	31	2	4	8	41	31	9	31	31
NZ_CP008871.2.fasta	4	15	3	25	1	21	15	16	4	5	14	6	13	5	20	25	5	14	4	4	6	1	18	19	24	22	12	17	15	19	1	1	15	15	5	25	24	20	28	25	1	28	26	20	21	19	19	1	26	27	23	16	4	4	23	20	5	16	2	13	4	12	23	24	1	3	19	22	16	20	4	29	2	27	25	24	26	4	24	24	1	24	1	21	2	23	18	2	20	13	21	19	25	5	27	22	25	4	28	20	9	13	4	21	20	4	24	27	4	23	20	26	5	4	15	11	14	15	12	4	28	11	4	16	23	20	22	26	5	4	20	23	10	22	27	27	11	9	22	5	2	23	4	4	20	3	3	7	2	14	4	3	10	5	5	22	8	2	4	4	4	23	2	10	4	11	2	5	11	5	26	2	6	24	23	2	9	25	12	2	13	5	17	4	19	12	2	8	4	15	4	9	6	1	2	11	10	2	23	8	10	19	1	5	9	14	9	12	3	6	22	24	23	21	4	20	5	5	5	22	2	25	4	25	1	17	4	3	6	6	6	16	4	18	18	20	24	4	4	6	27	4	4	9	6	16	14	21	21	2	6	1	7	4	21	19	21	5	22	24	6	4	8	5	4	13	19	24	14	20	4	11	17	23	7	4	27	16	26	1	1	1	18	4	13	4	18	14	19	1	12	20	1	5	1	26	4	25	12	27	15	7	14	23	27	20	7	26	4	25	5	17	16	19	4	19	20	19
NZ_CP008929.1.fasta	209	242	28	330	80	301	49	172	138	33	101	65	107	235	192	299	44	197	204	55	35	62	223	45	404	58	64	38	141	56	160	91	134	28	128	351	313	334	63	230	152	69	301	248	225	231	199	94	197	298	184	32	141	96	227	185	94	141	68	32	170	214	168	67	28	130	194	272	142	212	74	72	24	257	215	246	296	61	47	63	36	205	244	221	83	276	44	54	43	130	50	46	58	44	329	208	343	210	331	191	36	112	150	204	225	46	251	287	126	324	199	429	71	57	263	123	51	106	207	234	391	113	117	80	269	47	229	280	50	127	178	338	184	160	72	71	205	118	60	51	52	223	68	57	167	27	47	81	57	127	90	50	87	112	47	256	165	42	56	230	45	226	55	76	58	74	61	44	72	24	314	46	238	60	171	35	116	254	54	74	35	178	121	124	149	71	64	101	67	140	63	175	152	37	64	146	176	69	215	142	208	147	64	68	82	189	44	32	77	25	62	249	201	179	214	59	74	80	183	341	31	62	29	369	75	181	68	65	98	104	146	117	123	181	154	149	277	84	188	251	390	28	155	31	163	40	141	168	64	74	158	42	41	138	51	194	205	80	187	209	90	132	32	169	135	197	46	198	158	55	41	113	257	286	204	146	293	113	398	31	48	51	145	84	105	156	121	135	56	44	164	271	115	194	72	285	43	231	250	336	102	106	120	190	71	159	208	311	87	217	43	127	42	68	196	40	209	176
NZ_CP009461.1.fasta	210	243	29	331	81	302	50	173	139	33	102	66	108	236	193	300	44	198	205	56	36	63	224	46	405	59	65	39	142	57	161	91	135	28	129	352	314	335	64	231	152	70	302	249	226	232	200	95	198	299	185	33	142	97	228	186	93	141	68	33	171	215	169	68	29	131	195	273	143	213	73	73	25	258	216	247	297	62	48	64	37	206	245	222	84	277	45	55	44	131	51	47	59	43	330	209	344	211	332	192	37	113	151	205	226	47	252	288	127	325	200	430	72	58	264	122	52	105	208	235	392	113	116	81	270	48	230	281	49	128	179	339	185	161	73	72	206	119	61	51	52	224	69	57	168	28	48	81	57	128	91	51	87	112	47	257	166	43	57	231	46	227	54	77	58	75	61	43	73	25	315	45	239	61	172	35	117	255	55	74	36	178	122	123	150	72	65	100	67	141	64	176	153	37	63	147	177	70	216	141	209	148	64	69	83	190	45	33	78	26	63	250	202	180	215	60	74	79	184	342	31	61	30	370	76	182	67	65	97	105	147	118	124	182	155	150	278	85	189	252	391	29	156	32	163	41	142	169	65	75	159	42	41	139	52	195	206	80	188	210	91	133	33	170	136	198	45	199	159	56	40	114	258	287	205	146	294	113	399	31	48	51	146	85	104	157	121	136	57	45	165	272	116	195	72	286	44	232	249	337	103	107	121	191	72	160	209	312	88	218	44	128	43	69	197	41	210	177
NZ_CP010555.1.fasta	5	16	10	16	7	15	16	14	12	11	12	1	9	9	11	16	11	16	4	4	4	1	12	13	18	13	17	13	1	13	1	7	11	1	9	17	1	1	1	1	1	1	1	1	16	16	14	2	18	17	15	14	7	4	18	15	11	13	12	11	14	6	17	16	10	10	14	14	12	14	4	18	2	19	18	17	19	16	18	18	1	9	18	16	2	17	11	14	5	4	16	15	7	5	19	15	16	4	17	10	1	13	13	5	11	15	9	18	4	6	16	17	4	4	16	11	16	6	17	10	18	10	4	11	18	18	15	18	4	7	13	16	7	16	19	18	15	4	17	16	2	17	4	10	13	3	4	5	2	3	6	3	4	5	2	17	8	2	4	4	4	17	2	3	10	4	9	5	10	5	18	2	17	16	15	2	12	18	4	2	7	12	12	15	15	11	2	13	3	2	4	18	13	1	2	16	15	7	16	11	7	11	5	5	4	15	13	16	3	4	0	16	6	14	17	14	6	5	12	15	2	0	6	18	7	14	6	3	5	10	12	13	11	14	11	13	4	11	5	15	17	2	4	9	12	12	10	15	15	8	5	1	1	5	13	14	17	5	16	16	11	4	8	11	5	15	14	16	11	15	6	7	11	15	11	4	17	12	17	1	1	1	14	1	2	11	7	1	18	11	14	14	1	16	7	17	1	18	18	19	4	5	13	17	18	14	6	18	2	17	5	5	15	18	14	15	4	15
NZ_CP012585.1.fasta	8	8	8	10	7	8	9	9	6	8	7	5	8	0	9	10	7	0	1	1	7	0	8	8	11	9	10	7	9	7	8	5	9	9	7	11	10	10	11	11	8	11	9	9	7	0	9	8	9	11	9	8	10	7	11	8	7	8	7	5	7	9	8	8	7	6	6	9	8	8	6	8	2	11	11	8	0	9	11	11	9	10	11	11	0	1	10	7	9	8	10	10	11	8	11	9	8	9	8	9	10	9	7	9	6	9	8	9	5	10	9	9	8	9	9	8	10	8	11	8	11	7	7	2	10	11	11	11	2	9	9	9	9	10	11	10	10	10	9	8	4	9	8	7	9	2	4	3	3	8	2	2	2	2	2	9	9	4	7	9	4	7	2	5	6	2	8	4	6	4	11	2	9	9	9	2	8	10	6	6	7	11	2	9	10	7	4	6	2	2	7	10	8	1	0	9	8	4	10	7	8	7	4	7	6	9	8	10	3	2	10	1	9	8	10	8	7	5	8	7	4	9	7	10	1	8	2	3	8	7	7	0	6	8	7	8	10	1	9	8	8	9	8	6	9	7	1	0	0	4	7	1	1	2	7	8	0	4	10	8	8	9	7	8	7	7	8	9	6	8	6	9	7	9	6	6	8	7	10	1	1	6	9	6	7	5	9	6	0	7	9	8	7	10	6	10	8	11	11	11	7	5	10	10	11	9	9	9	1	10	5	4	8	9	2	11	11	9
NZ_CP012679.1.fasta	3	10	8	12	7	9	11	11	1	9	8	5	9	9	10	12	9	4	12	10	4	1	1	4	12	1	12	8	1	10	9	4	5	10	1	12	12	12	13	12	7	13	12	11	10	6	6	1	12	1	1	10	11	8	13	11	9	10	2	8	10	12	12	5	8	3	8	11	5	5	7	12	2	13	12	11	12	12	13	5	11	11	13	13	8	11	11	10	10	4	12	10	13	10	13	10	11	11	11	12	11	6	10	11	3	11	5	12	7	12	11	11	8	4	12	11	12	10	13	11	12	4	8	8	12	13	13	5	7	6	2	11	11	12	13	12	5	11	12	11	2	12	4	8	10	5	4	3	2	3	2	4	4	5	2	11	11	2	8	11	2	11	4	6	8	5	5	8	2	5	13	8	12	12	11	2	10	12	6	3	0	13	8	4	4	4	2	8	4	5	8	12	11	1	2	11	6	2	12	4	11	8	1	5	2	10	4	12	1	6	12	11	11	10	11	10	6	5	10	10	4	11	6	12	1	10	8	3	10	4	9	9	4	11	9	10	12	6	11	11	10	10	5	4	4	4	2	10	10	6	9	3	5	9	0	7	11	6	11	11	6	4	8	4	9	9	4	11	4	9	4	5	8	11	8	8	11	1	12	1	4	1	10	4	9	5	7	1	11	4	6	9	8	12	1	11	9	13	13	13	8	9	7	11	13	4	12	12	4	12	5	8	10	12	4	5	13	10
NZ_CP013245.1.fasta	24	32	8	33	7	31	25	27	6	8	9	5	7	6	11	34	7	24	24	26	13	14	27	23	36	31	35	25	19	27	16	2	21	0	6	34	34	31	36	34	26	37	35	31	25	27	2	21	13	37	29	22	18	17	31	11	5	24	5	5	23	25	30	32	18	21	23	29	21	2	13	39	0	33	32	30	35	28	32	31	6	31	30	27	5	11	24	29	24	17	26	23	32	9	36	30	34	26	36	28	8	7	18	29	27	22	34	36	2	33	28	36	7	7	34	17	12	7	31	33	38	16	13	2	31	30	31	34	2	21	26	34	27	30	38	38	29	20	32	27	8	30	7	8	2	13	4	13	8	2	11	3	4	5	2	33	22	2	6	26	4	27	2	2	5	14	11	2	8	12	32	2	28	32	30	2	19	34	14	6	19	25	7	25	2	7	7	11	3	2	7	19	8	1	2	27	23	2	31	21	27	1	1	11	12	18	21	0	12	10	33	31	32	2	31	30	13	5	11	34	2	34	4	36	11	11	9	5	20	20	21	19	17	26	22	7	32	1	2	31	39	1	25	16	7	12	17	27	30	13	10	1	1	23	30	26	29	4	29	32	9	20	1	23	11	29	27	28	19	28	2	2	27	32	25	21	38	2	36	4	6	1	23	6	2	9	12	20	31	20	21	30	17	13	2	33	22	34	32	38	9	5	20	29	35	4	28	27	6	33	5	4	25	35	27	0	26	28
NZ_CP013477.1.fasta	25	33	7	16	7	6	26	26	19	18	18	9	18	25	25	35	24	25	25	27	16	7	28	9	37	21	36	26	20	28	5	5	22	18	15	35	35	32	25	35	28	38	8	32	28	28	25	22	13	38	30	22	19	2	32	26	6	25	15	15	24	26	31	33	16	22	25	7	24	24	8	40	2	8	1	31	36	30	33	32	19	7	30	28	6	32	2	30	25	18	27	19	33	2	37	11	35	24	37	29	18	10	20	30	9	23	2	37	5	34	29	37	7	28	35	18	12	18	6	35	39	17	14	19	32	31	28	35	2	2	27	36	28	32	39	39	13	21	33	28	2	31	2	8	27	13	4	14	2	2	2	5	4	16	8	34	23	2	2	27	4	28	2	11	6	2	12	7	8	12	33	2	29	5	31	2	20	35	2	5	7	26	19	26	24	14	8	8	8	22	1	30	8	1	2	28	24	2	32	6	28	22	1	7	13	23	22	5	3	1	34	32	33	28	31	11	2	5	28	35	2	35	19	38	2	26	9	5	20	21	22	20	18	24	23	24	33	4	27	32	40	9	26	12	24	22	15	7	31	2	21	1	1	24	31	27	30	1	1	30	1	22	15	4	1	30	28	29	20	29	6	20	28	33	26	22	39	19	37	1	7	1	8	2	17	5	25	2	32	21	22	31	18	26	2	37	23	36	33	39	16	13	21	30	37	2	28	36	11	34	2	4	24	36	28	24	27	9
NZ_CP014051.2.fasta	207	240	30	328	0	298	47	170	136	0	99	62	105	232	190	296	41	195	202	53	32	60	221	43	401	55	62	36	139	53	158	0	132	25	127	349	311	336	61	228	150	67	299	246	223	229	197	0	195	295	182	30	139	94	225	183	92	139	0	30	167	212	166	65	26	128	0	270	0	211	72	70	23	254	0	244	294	59	45	60	32	0	242	219	81	274	42	52	41	0	48	43	56	42	327	206	341	208	329	0	34	110	148	202	223	48	249	285	0	322	197	431	69	54	261	124	48	104	205	232	389	112	115	78	266	45	227	278	48	129	0	0	182	158	68	68	203	116	57	50	51	221	67	55	165	26	46	80	56	125	88	48	86	111	46	253	163	40	55	228	44	223	53	75	57	0	59	42	71	22	311	0	237	0	169	36	114	0	52	72	37	177	119	122	147	69	66	99	66	142	61	173	150	36	62	144	174	71	213	139	206	145	63	67	0	186	0	30	76	22	60	247	199	176	211	56	72	78	181	339	30	59	0	367	73	179	66	63	96	0	144	115	122	179	152	147	275	82	186	249	388	26	153	29	161	38	143	170	61	72	156	41	40	135	53	192	203	79	189	207	0	0	30	167	133	195	44	195	0	52	39	111	255	284	202	144	295	112	396	30	47	50	143	82	103	154	119	133	54	42	166	269	113	192	0	283	40	228	247	333	100	105	118	188	68	157	206	309	85	215	0	125	40	66	0	37	208	174
NZ_CP015001.1.fasta	26	34	8	34	15	32	21	28	20	8	19	5	19	26	26	36	7	26	26	28	4	9	29	2	38	32	37	7	21	29	17	14	23	11	11	36	36	33	37	8	29	39	36	33	29	29	8	2	8	39	31	23	20	18	33	27	15	2	9	16	24	27	32	34	2	23	26	2	25	25	8	2	2	34	34	30	37	31	9	33	6	32	31	29	15	33	21	31	1	2	28	24	34	8	38	31	36	27	38	30	19	9	21	8	24	24	2	9	2	35	30	38	14	29	36	16	29	18	33	36	40	15	15	20	33	32	32	36	14	22	28	37	2	33	40	40	30	19	30	26	2	32	7	8	8	14	7	15	10	17	4	3	2	4	2	35	24	2	6	28	4	2	2	13	13	16	13	4	2	10	34	3	30	33	32	2	21	36	6	2	7	27	5	5	22	15	2	21	9	23	11	31	12	1	9	29	23	2	33	22	29	1	1	5	14	24	23	8	12	6	35	25	12	2	32	31	14	5	29	36	2	32	20	39	12	27	2	5	21	1	17	21	2	27	24	25	34	1	28	33	41	2	27	17	25	10	18	28	32	6	22	1	1	1	32	9	31	5	30	33	9	23	16	24	16	31	21	30	21	30	1	21	8	34	27	23	40	1	38	1	1	1	7	10	18	21	26	21	33	22	23	32	19	27	2	37	24	37	34	40	12	4	12	12	38	7	30	37	1	2	2	23	24	37	29	25	28	29
NZ_CP015002.1.fasta	28	35	3	26	17	33	4	30	14	4	4	10	4	27	27	26	5	13	27	29	6	1	30	24	40	34	38	4	15	1	7	1	24	14	16	5	38	35	39	10	27	42	38	34	31	31	12	2	14	41	32	1	2	4	10	29	5	16	2	5	25	6	33	35	1	17	16	32	27	26	9	42	9	28	36	32	38	12	6	10	4	15	32	12	6	35	2	32	29	10	30	26	35	4	41	32	38	6	40	12	5	22	4	31	3	25	5	39	4	36	11	40	6	30	33	11	15	19	6	30	42	4	4	12	4	15	27	38	5	4	30	39	6	35	42	15	13	4	34	29	2	33	4	8	4	2	6	16	2	12	4	4	12	12	10	37	12	2	13	29	5	5	9	3	4	9	15	4	5	5	36	4	8	12	5	2	5	38	3	4	12	5	10	4	15	4	2	22	4	24	11	6	6	1	2	15	6	8	25	6	18	23	1	5	14	25	10	12	3	11	36	15	21	9	33	5	15	5	22	39	2	37	6	41	1	17	4	3	6	16	17	5	20	11	3	27	4	6	4	15	43	4	5	9	26	5	19	29	33	14	8	7	1	26	6	7	4	12	32	35	6	6	4	25	18	32	29	7	4	31	1	7	12	36	28	25	41	16	40	1	1	1	4	11	1	1	1	1	1	1	6	1	1	1	1	1	1	1	35	42	17	7	11	31	40	17	32	39	13	10	4	18	6	40	4	7	12	17
NZ_CP015377.1.fasta	7	7	6	7	6	6	7	6	5	7	6	5	5	6	7	7	7	8	8	8	4	6	7	7	8	8	7	5	6	7	5	5	7	8	6	8	7	8	8	8	6	8	8	8	7	8	8	6	8	8	8	5	8	6	8	7	6	7	5	5	2	8	8	8	5	6	5	6	7	6	5	8	5	8	8	7	8	8	8	8	6	7	8	8	7	7	7	6	8	7	7	7	8	8	8	8	7	7	8	8	7	7	6	8	5	8	7	8	5	7	8	8	7	7	8	7	7	7	8	7	8	6	6	2	8	8	8	8	2	8	8	8	8	7	8	8	8	7	8	2	2	8	6	6	8	4	4	2	2	7	4	3	6	6	4	6	8	2	6	8	4	8	2	2	6	2	7	6	2	6	8	3	8	8	8	2	2	7	6	2	7	8	7	7	7	6	2	1	1	1	1	1	7	5	4	1	1	1	1	1	1	1	1	1	1	1	1	1	1	1	1	1	1	1	1	1	1	1	1	1	1	1	1	1	1	1	1	1	1	1	1	6	1	1	1	1	1	1	1	1	1	1	1	1	1	1	1	1	1	1	1	1	1	1	1	1	1	1	1	1	1	1	1	1	1	1	1	1	1	1	1	1	1	1	1	1	1	1	1	1	1	1	1	1	6	6	8	6	8	6	7	6	6	8	5	8	6	8	8	8	1	8	8	8	8	6	8	8	6	7	6	4	7	8	8	8	8	7
NZ_CP015877.1.fasta	4	4	3	4	4	4	4	4	4	4	4	1	1	4	4	1	5	5	5	5	5	4	5	5	5	5	4	3	4	4	4	4	5	5	4	5	4	5	5	5	4	5	5	5	4	5	5	1	5	5	5	1	5	4	5	4	5	5	4	5	5	5	5	5	3	4	3	4	5	5	4	5	2	5	5	5	5	5	5	5	4	5	5	5	4	5	5	4	5	4	5	5	5	5	5	5	1	5	5	5	5	5	4	5	3	5	5	5	4	5	5	5	5	4	5	5	5	5	5	5	5	4	4	5	5	5	5	5	5	5	5	5	5	5	5	5	5	4	5	5	2	5	5	5	5	3	4	3	2	4	4	3	4	4	2	5	5	2	5	5	5	5	2	3	4	4	5	4	5	5	5	4	5	5	5	2	5	5	3	4	5	5	2	5	5	5	2	4	3	2	5	5	4	3	2	4	5	1	5	5	5	5	1	5	4	5	5	5	4	4	5	5	5	5	5	5	5	5	5	5	2	5	5	5	4	5	5	3	5	5	5	5	4	5	4	5	5	5	5	5	5	5	5	4	4	4	5	5	5	2	5	1	1	5	5	5	5	5	5	5	5	5	5	5	5	5	5	5	4	5	4	5	5	5	1	5	5	4	5	1	1	3	5	4	4	4	5	1	5	5	5	4	4	5	4	5	1	5	5	5	4	5	5	5	5	4	5	5	5	5	5	5	5	5	5	5	5	5
NZ_CP017099.1.fasta	32	2	3	41	1	12	33	32	1	9	9	5	9	5	5	12	7	7	12	32	4	4	35	28	26	40	29	4	1	12	1	1	5	4	1	40	12	12	16	42	34	47	20	23	21	6	6	1	27	1	1	24	13	4	41	13	7	5	13	11	1	34	36	47	21	5	32	5	9	12	16	53	2	19	39	15	17	37	37	7	1	24	32	34	2	38	20	1	1	1	4	28	40	6	48	6	44	30	45	4	22	1	1	37	4	1	47	1	1	1	1	1	1	1	1	21	1	22	1	1	1	1	1	2	1	1	1	1	1	1	1	47	1	1	49	1	1	1	1	34	2	37	11	4	4	2	4	3	2	14	4	3	4	4	2	46	8	2	4	14	6	34	4	3	4	15	6	4	2	4	24	2	37	40	36	2	23	45	17	2	18	32	8	4	30	4	10	8	4	5	10	36	23	1	2	14	25	2	39	4	13	20	5	14	4	31	26	7	3	4	11	38	38	27	38	36	7	5	4	47	2	2	10	48	1	19	9	3	24	24	4	5	7	11	9	10	37	18	33	39	49	4	12	10	11	26	4	12	44	4	29	9	11	29	35	30	36	10	6	41	6	27	20	10	9	12	12	11	4	14	4	24	11	40	4	8	46	5	47	1	1	3	7	4	22	5	28	1	14	27	4	38	4	37	1	43	9	46	41	17	21	14	13	37	47	29	15	46	17	1	5	25	16	52	38	27	6	5
NZ_CP017969.1.fasta	3	3	3	3	1	1	1	1	1	1	1	1	1	1	1	4	4	4	4	4	4	1	4	4	4	4	1	1	1	1	1	1	4	4	1	4	3	4	4	4	1	4	4	4	4	4	4	1	4	4	4	3	4	4	4	4	4	4	2	4	4	4	4	4	1	3	3	4	4	4	4	4	2	4	4	4	4	4	4	4	1	4	4	4	2	4	4	2	4	4	4	4	4	4	4	4	4	4	4	4	4	4	4	4	3	4	4	4	4	4	4	4	4	4	4	4	4	4	4	4	4	4	4	4	4	4	4	4	4	4	4	4	4	4	4	4	4	4	4	4	2	4	4	4	4	7	3	3	2	3	4	3	4	4	2	4	4	2	4	4	4	4	2	3	4	4	4	4	4	4	4	3	4	4	4	2	4	4	3	3	4	4	4	4	4	4	2	4	3	4	4	4	4	1	2	3	4	1	4	4	4	4	1	4	4	4	4	4	3	4	4	4	4	4	4	4	4	4	4	4	2	4	4	4	1	4	4	3	4	4	4	4	4	4	3	4	4	4	4	4	12	4	4	4	4	4	4	4	4	4	4	1	3	4	4	4	4	4	4	4	4	4	4	4	4	4	4	4	4	4	4	4	4	4	4	4	4	1	4	1	1	1	4	1	1	4	4	4	4	4	4	4	1	4	2	4	4	4	4	4	3	4	4	4	4	4	4	4	4	4	4	4	4	4	4	4	4	4
NZ_CP027165.1.fasta	204	12	3	14	1	11	45	13	9	4	10	5	4	5	12	14	37	13	7	50	4	4	1	40	14	6	59	3	1	6	1	4	1	11	4	14	14	329	58	14	1	64	6	126	12	23	6	1	14	7	64	12	7	46	7	47	5	12	10	5	12	14	165	13	3	6	10	10	5	15	4	14	6	15	53	13	291	56	15	57	1	9	1	114	2	271	12	2	5	10	45	13	15	39	15	12	13	4	88	13	5	11	4	13	41	4	6	14	4	319	10	425	5	51	10	13	14	7	15	6	386	4	7	9	14	15	15	14	8	7	77	121	13	14	4	14	13	16	14	13	2	218	4	4	18	3	4	3	2	5	8	3	5	7	6	13	12	2	4	13	5	13	2	8	5	4	9	4	11	5	15	2	39	14	10	2	5	14	3	50	6	5	10	12	4	11	2	10	4	5	7	14	6	1	2	18	7	36	7	10	203	6	1	5	4	12	10	5	7	4	14	144	196	46	9	49	6	5	5	12	2	13	6	364	1	6	5	3	5	11	31	5	4	5	10	11	14	10	10	13	100	1	4	9	4	9	2	5	12	2	11	1	1	6	6	115	200	7	13	56	7	8	5	5	4	6	7	192	4	11	4	14	10	6	201	1	13	10	6	1	1	1	4	1	4	8	10	9	5	4	11	11	1	6	2	280	4	6	91	15	10	7	4	13	65	8	46	65	4	14	8	4	12	14	12	13	126	107
NZ_CP028331.1.fasta	3	9	3	11	1	48	10	10	7	5	4	5	4	1	4	11	8	11	11	6	1	1	1	1	1	11	11	4	10	6	1	7	5	6	5	6	11	11	12	12	9	12	11	10	9	11	11	1	11	12	11	9	4	4	12	10	5	9	8	1	9	11	11	11	1	6	3	10	10	9	4	58	2	12	4	10	11	11	12	12	10	4	12	12	7	10	9	9	34	4	11	11	12	40	12	1	10	10	10	11	6	1	9	10	4	10	9	11	6	11	4	5	4	10	11	10	11	9	12	10	4	4	4	7	11	12	12	12	6	11	7	10	10	46	12	11	44	4	11	10	5	11	9	4	4	3	3	3	4	9	4	3	4	5	2	10	8	5	4	5	4	10	2	3	7	4	10	8	7	5	12	7	11	11	10	2	9	11	3	3	9	12	2	10	11	4	2	8	4	7	5	11	10	1	2	10	10	2	11	8	10	5	1	5	4	5	9	11	3	4	11	10	10	9	5	4	6	5	9	9	4	10	8	11	6	5	2	3	9	6	8	5	7	10	4	9	11	8	41	10	6	4	9	7	5	4	5	9	9	2	5	1	4	4	8	10	10	5	5	10	6	10	8	4	4	8	9	10	7	4	4	10	5	10	4	7	10	8	11	1	3	4	6	1	8	8	11	1	11	8	6	4	1	11	2	7	4	12	12	12	4	4	5	7	12	8	11	11	8	11	7	4	9	11	10	7	12	5
NZ_CP029090.1.fasta	33	40	3	43	1	40	4	1	27	11	4	6	9	15	10	14	28	16	4	14	18	1	36	13	47	27	44	29	5	6	23	8	5	17	9	17	45	41	44	43	16	10	43	40	4	16	30	1	39	45	22	1	23	21	42	36	7	28	10	4	4	6	15	43	19	3	3	8	13	14	4	50	2	15	40	37	18	38	4	23	1	16	13	35	2	5	18	38	5	4	33	30	1	1	1	1	16	6	46	1	5	26	13	35	3	15	6	46	4	44	34	47	4	35	13	11	18	6	6	41	48	4	7	11	41	15	27	43	10	7	7	43	7	40	50	49	36	5	40	13	2	39	4	8	13	2	4	3	2	18	6	3	4	5	2	44	8	2	4	16	5	5	12	6	10	18	18	4	5	5	25	2	6	41	15	2	5	46	8	2	23	33	22	4	27	4	2	6	11	5	5	37	26	1	2	32	26	1	40	4	7	20	1	8	1	32	27	5	4	4	4	39	6	32	15	37	6	5	17	48	4	25	2	49	8	4	6	3	6	25	23	9	6	13	29	13	42	4	34	20	52	4	18	9	6	4	2	1	41	4	27	1	1	7	4	31	37	12	36	42	5	25	21	5	4	24	14	10	11	9	6	25	34	41	32	1	48	5	50	1	1	12	6	8	2	25	18	1	40	28	6	14	1	33	2	44	28	18	42	13	4	4	7	7	10	14	6	48	18	5	5	8	15	47	35	5	36	4
NZ_CP031449.2 .fasta	18	2	2	2	2	2	2	2	2	2	2	2	2	2	2	2	2	2	2	2	2	2	2	2	2	2	2	2	2	2	2	2	2	2	2	2	2	2	2	2	2	2	2	2	2	2	2	2	2	2	2	2	2	2	2	2	2	2	2	2	2	2	2	2	2	1	1	2	2	2	2	2	2	2	2	2	2	2	2	2	2	2	2	2	2	2	2	2	2	2	2	2	2	2	2	2	2	2	2	2	2	2	2	2	1	2	2	2	2	2	2	2	2	2	2	2	2	2	2	2	2	2	2	2	2	2	2	2	2	2	2	2	2	2	2	2	2	2	2	2	2	2	2	2	2	2	2	2	2	2	2	2	2	2	2	2	2	2	2	2	2	2	2	2	2	2	2	2	2	2	2	2	2	2	2	2	2	2	2	2	2	2	2	2	2	2	2	2	2	2	2	2	2	1	2	1	2	2	2	2	2	2	2	2	2	2	2	2	1	2	2	2	2	2	2	2	2	2	2	2	2	2	2	2	2	2	2	1	2	2	2	2	2	2	1	2	2	2	2	2	2	2	2	2	2	2	2	2	2	2	2	1	1	2	2	2	2	2	2	2	2	2	2	2	2	2	2	2	2	2	2	2	2	2	2	2	2	2	2	1	1	1	2	2	2	2	2	2	2	2	2	2	2	2	2	2	2	2	2	2	1	2	2	2	2	2	2	2	2	2	2	2	2	2	2	2	2	2
NZ_CP034244.1 (2).fasta	18	2	2	2	2	2	2	2	2	2	2	2	2	2	2	2	2	2	2	2	2	2	2	2	2	2	2	2	2	2	2	2	2	2	2	2	2	2	2	2	2	2	2	2	2	2	2	2	2	2	2	2	2	2	2	2	2	2	2	2	2	2	2	2	2	1	1	2	2	2	2	2	2	2	2	2	2	2	2	2	2	2	2	2	2	2	2	2	2	2	2	2	2	2	2	2	2	2	2	2	2	2	2	2	1	2	2	2	2	2	2	2	2	2	2	2	2	2	2	2	2	2	2	2	2	2	2	2	2	2	2	2	2	2	2	2	2	2	2	2	2	2	2	2	2	2	2	2	2	2	2	2	2	2	2	2	2	2	2	2	2	2	2	2	2	2	2	2	2	2	2	2	2	2	2	2	2	2	2	2	2	2	2	2	2	2	2	2	2	2	2	2	2	1	2	1	2	2	2	2	2	2	2	2	2	2	2	2	1	2	2	2	2	2	2	2	2	2	2	2	2	2	2	2	2	2	2	1	2	2	2	2	2	2	1	2	2	2	2	2	2	2	2	2	2	2	2	2	2	2	2	1	1	2	2	2	2	2	2	2	2	2	2	2	2	2	2	2	2	2	2	2	2	2	2	2	2	2	2	1	1	1	2	2	2	2	2	2	2	2	2	2	2	2	2	2	2	2	2	2	1	2	2	2	2	2	2	2	2	2	2	2	2	2	2	2	2	2
NZ_CP093395.1.fasta	3	28	26	303	1	299	22	11	13	32	8	63	9	233	10	297	42	94	12	23	33	1	15	4	402	56	15	3	100	54	1	1	5	4	1	12	151	332	13	58	14	13	12	108	66	159	60	39	20	296	15	1	1	10	13	9	5	23	10	5	168	65	20	22	3	11	83	182	17	5	10	27	2	255	12	11	12	33	28	61	33	203	13	76	4	13	11	17	5	4	17	44	57	6	60	10	11	76	26	189	21	31	1	139	62	16	9	10	7	274	59	262	10	55	75	5	49	6	1	11	337	98	7	5	267	8	53	17	2	7	10	26	7	1	69	69	11	6	58	18	2	10	26	4	10	12	4	3	2	3	4	3	4	5	2	254	16	2	8	11	2	224	2	6	5	4	60	2	2	5	312	8	12	58	17	2	10	12	6	3	6	13	5	18	4	4	2	30	3	138	8	152	135	1	2	87	6	7	14	140	179	8	1	5	14	187	17	14	21	23	12	49	26	177	212	57	6	5	77	297	2	60	4	308	1	5	8	3	10	6	4	5	111	11	9	10	238	6	11	56	338	4	4	9	13	11	6	10	62	2	5	1	5	136	49	42	157	7	11	0	6	4	6	4	1	33	23	196	7	53	4	15	4	11	4	11	103	1	78	7	3	1	11	4	9	4	10	88	11	4	64	175	1	44	33	15	19	229	248	334	8	7	4	22	69	90	138	195	17	68	5	52	6	29	171	38	13	5
NZ_LT608330.1.fasta	3	21	3	23	1	4	4	20	8	13	4	5	4	17	5	22	16	7	19	17	1	1	16	16	22	19	24	4	1	17	1	10	4	6	5	22	22	21	25	22	1	25	24	23	20	6	6	1	23	24	10	18	14	11	22	18	5	16	14	1	6	1	15	21	1	5	7	20	15	15	4	26	5	24	20	22	5	0	23	5	1	22	1	12	13	5	16	2	18	12	4	18	17	16	6	20	23	17	25	4	1	6	4	19	18	0	21	24	9	4	17	23	6	6	21	15	20	5	23	20	25	4	2	4	22	10	20	17	5	18	17	21	19	1	24	24	20	16	21	13	2	14	13	4	18	3	4	3	2	13	10	3	9	5	7	19	18	2	5	18	5	21	2	3	8	4	9	5	5	5	23	2	20	21	20	2	5	22	3	2	9	12	16	5	18	4	2	10	3	12	11	12	6	1	2	13	7	1	20	4	20	16	1	8	8	19	16	11	3	4	24	7	6	18	22	4	6	5	19	6	2	6	4	25	1	4	4	3	6	6	15	5	13	16	17	18	15	15	19	6	24	4	17	4	6	15	13	6	20	4	8	1	1	4	8	10	19	12	14	21	6	4	8	16	9	21	17	22	4	6	4	15	12	20	15	1	24	14	23	1	5	1	4	8	8	4	18	1	24	0	16	18	1	16	9	24	4	4	5	26	4	4	13	5	25	17	4	21	4	23	5	15	20	11	4	18	18	5
PAO1.fasta	27	4	3	35	9	19	27	29	1	1	4	1	4	5	21	37	7	4	4	16	4	7	1	17	39	33	15	4	5	30	18	4	5	14	4	37	37	34	38	23	1	40	37	20	8	30	26	1	34	40	23	1	4	12	34	28	5	16	10	1	6	4	15	59	3	13	3	31	26	17	9	41	6	24	35	1	1	1	1	1	1	1	1	22	5	34	25	32	5	19	29	25	7	23	39	1	37	4	63	4	2	18	22	17	3	10	35	38	14	24	1	39	15	10	19	5	30	7	16	37	41	13	4	15	34	15	33	37	5	7	29	38	23	34	41	41	31	9	10	19	2	21	4	4	23	2	4	7	11	14	4	3	4	17	9	36	15	2	8	4	4	29	2	3	5	17	14	4	11	5	35	3	31	34	13	2	7	37	15	4	20	28	2	4	11	4	2	8	4	4	11	20	14	4	10	15	6	9	34	4	30	15	5	9	4	5	24	11	4	4	22	33	34	22	5	4	6	5	30	37	2	36	4	40	1	5	6	3	5	16	4	22	19	11	17	26	35	6	29	34	42	5	9	9	8	5	6	4	6	4	12	1	1	25	11	19	4	12	31	34	7	8	17	5	17	28	13	5	4	5	4	22	5	35	7	24	25	16	39	1	1	1	4	4	19	22	18	1	34	13	24	4	1	28	1	38	4	38	5	41	4	7	22	7	39	1	31	38	12	214	5	5	6	38	30	5	29	30
